url,id,title,riddle,answer,like_rate,avg_time,difficulty_value,difficulty_class,votes,publication_date,tags_names,riddle_clean,answer_clean,riddle_len_chars,answer_len_chars,riddle_word_count,answer_word_count
https://yesnogame.net/stories/1,1,Человек со спичкой,Голый человек был найден мертвым посреди пустыни. В его руке была сгоревшая спичка. Что произошло?,"Человек летел с другими людьми на воздушном шаре. Воздушный шар начал падать и чтобы сделать его легче, они выкинули все вещи, в том числе всю свою одежду. Этого было недостаточно и они решили, что один из них должен прыгнуть для спасения остальных. Они договорились тянуть спичку: кому выпадет сгоревшая спичка, тому придется прыгать. Этому человеку попалась сгоревшая спичка и он прыгнул, как они и договаривались.",78,18,7,hard,2849,2018-03-04,"['детективные', 'про убийства', 'страшные']",голый человек был найден мертвым посреди пустыни в его руке была сгоревшая спичка что произошло,человек летел с другими людьми на воздушном шаре воздушный шар начал падать и чтобы сделать его легче они выкинули все вещи в том числе всю свою одежду этого было недостаточно и они решили что один из них должен прыгнуть для спасения остальных они договорились тянуть спичку кому выпадет сгоревшая спичка тому придется прыгать этому человеку попалась сгоревшая спичка и он прыгнул как они и договаривались,95,405,15,65
https://yesnogame.net/stories/3,3,Последнее такси,"Эльдар сидел и читал газету, когда услышал шум. Когда он понял что произошло, он очень пожалел, что не поймал такси вовремя. Вскоре он покончил с собой.","Эльдар был разорен. Он был коллекционером масштабных моделей такси (уменьшенные копии автомобилей), и чтобы решить свои денежные проблемы он хотел продать самый дорогой экземпляр коллекции. Он почистил его и опрометчиво поставил на край стола. Во время чтения газеты он задел стол ногой, из-за чего такси скатилось со стола и упало на пол, разбившись. Другие экземпляры коллекции не были достаточно дорогими.",72,22,8,hard,2105,2018-01-04,"['детективные', 'про убийства', 'страшные']",эльдар сидел и читал газету когда услышал шум когда он понял что произошло он очень пожалел что не поймал такси вовремя вскоре он покончил с собой,эльдар был разорен он был коллекционером масштабных моделей такси уменьшенные копии автомобилей и чтобы решить свои денежные проблемы он хотел продать самый дорогой экземпляр коллекции он почистил его и опрометчиво поставил на край стола во время чтения газеты он задел стол ногой из-за чего такси скатилось со стола и упало на пол разбившись другие экземпляры коллекции не были достаточно дорогими,146,398,26,60
https://yesnogame.net/stories/4,4,Открытая дверь,"Григорий проснулся рано утром и удивился, что дверь была открыта. Как только он перешел порог - его голова была оторвана.",Григорий был попугаем и жил в клетке несколько месяцев. Кот Борис всё это время ждал возможности поймать его и съесть. Как-то раз хозяева забыли закрыть клетку на ночь. На утро произошла трагедия.,79,11,5,medium,1794,2018-01-04,"['детективные', 'страшные', 'про убийства', 'для детей']",григорий проснулся рано утром и удивился что дверь была открыта как только он перешел порог - его голова была оторвана,григорий был попугаем и жил в клетке несколько месяцев кот борис всё это время ждал возможности поймать его и съесть как-то раз хозяева забыли закрыть клетку на ночь на утро произошла трагедия,118,192,20,32
https://yesnogame.net/stories/5,5,Случайный случай,"Водитель стал причиной несчастного случая, врезавшись в мотоцикл во время своего неожиданного поворота на перекрестке. Но когда полицейский приехал, был арестован другой человек. Водитель был освобожден.","Водитель был на уроке вождения со своим инструктором, который указал ему сделать неверный поворот, во время которого водитель врезался в ехавший мотоцикл. Полиция посчитала виновным инструктора и арестовала его, а водителя отпустила.",81,11,4,medium,994,2018-01-04,"['на реальных событиях', 'детективные', 'страшные']",водитель стал причиной несчастного случая врезавшись в мотоцикл во время своего неожиданного поворота на перекрестке но когда полицейский приехал был арестован другой человек водитель был освобожден,водитель был на уроке вождения со своим инструктором который указал ему сделать неверный поворот во время которого водитель врезался в ехавший мотоцикл полиция посчитала виновным инструктора и арестовала его а водителя отпустила,198,228,26,32
https://yesnogame.net/stories/8,8,Темень,"Маргарита была на работе и спускалась по лестнице, когда внезапно потемнело. В этот момент она поняла, что её муж при смерти.","Маргарита работала электриком в больнице и знала, что аварийные генераторы  не работают. Недавно её мужа сбила машина и он лежал в этой больнице с аппаратурой, поддерживающей его жизнь. Когда потемнело, Маргарита  поняла, что её муж скоро задохнется, т.к. не в состоянии дышать самостоятельно.",80,7,3,easy,1110,2018-01-04,"['детективные', 'страшные']",маргарита была на работе и спускалась по лестнице когда внезапно потемнело в этот момент она поняла что её муж при смерти,маргарита работала электриком в больнице и знала что аварийные генераторы не работают недавно её мужа сбила машина и он лежал в этой больнице с аппаратурой поддерживающей его жизнь когда потемнело маргарита поняла что её муж скоро задохнется т к не в состоянии дышать самостоятельно,121,282,21,44
https://yesnogame.net/stories/9,9,Только не сейчас!,"Катя была дома, грустила, сидела возле раскрытого окна и смотрела на улицу. В какой момент она выпрыгнула из него. Сразу после этого она услышала, что телефон зазвонил и пожалела о прыжке.","Это произошло после ядерной катастрофы. Спустя две недели Катя думала, что больше никто не остался в живых. Услышав телефонный звонок она поняла, что была не одна, но было слишком поздно.",72,15,6,medium,918,2018-01-04,"['детективные', 'страшные']",катя была дома грустила сидела возле раскрытого окна и смотрела на улицу в какой момент она выпрыгнула из него сразу после этого она услышала что телефон зазвонил и пожалела о прыжке,это произошло после ядерной катастрофы спустя две недели катя думала что больше никто не остался в живых услышав телефонный звонок она поняла что была не одна но было слишком поздно,182,181,31,30
https://yesnogame.net/stories/10,10,Свидетель похищения,"Бизнесмен стал свидетелем похищения. Однако, когда он сообщил в полицию — ему не поверили.","Бизнесмен только что вышел от стоматолога и не мог разборчиво разговаривать. После анестезии его рот плохо двигался. Полицейский подумал, что он напился и не поверил ему.",73,14,6,medium,1174,2018-01-04,"['смешные', 'детективные', 'страшные']",бизнесмен стал свидетелем похищения однако когда он сообщил в полицию ему не поверили,бизнесмен только что вышел от стоматолога и не мог разборчиво разговаривать после анестезии его рот плохо двигался полицейский подумал что он напился и не поверил ему,85,166,13,26
https://yesnogame.net/stories/11,11,Нераскрытый грабеж,"Парень зашел в аптеку и покинул её с деньгами из кассы. Хозяйка аптеки позвонила в полицию и этого парня увез полицейский, а еще через некоторое время ей вернули деньги. Этим же вечером три человека пришли в полицейский участок и сообщили о краже.","Парень был сыном хозяйки аптеки.Его машину угнали и у него был важный экзамен в этот день. Он зашел в аптеку, чтобы попросить у мамы денег на такси. Мама дала ему денег, а также попросила по телефону своего мужа, который работал в полиции, подвести сына. Он подвез, а т.к. деньги сыну уже не были нужны, он отдал их отцу, а тот отвез их обратно маме. Вечером вся семья пошла в участок, чтобы сообщить об угоне машины.",69,24,7,hard,758,2018-01-04,['детективные'],парень зашел в аптеку и покинул её с деньгами из кассы хозяйка аптеки позвонила в полицию и этого парня увез полицейский а еще через некоторое время ей вернули деньги этим же вечером три человека пришли в полицейский участок и сообщили о краже,парень был сыном хозяйки аптеки его машину угнали и у него был важный экзамен в этот день он зашел в аптеку чтобы попросить у мамы денег на такси мама дала ему денег а также попросила по телефону своего мужа который работал в полиции подвести сына он подвез а т к деньги сыну уже не были нужны он отдал их отцу а тот отвез их обратно маме вечером вся семья пошла в участок чтобы сообщить об угоне машины,243,403,42,77
https://yesnogame.net/stories/12,12,Двое побежденных,"Двое мужчин избивали друг друга, но потом внезапно одновременно упали на пол.","Дочь одного из этих боксеров похитили и угрожают убить, если её отец выиграет бой. Отец не пытался выиграть, но в конце боя его оппонент упал в обморок. Чтобы не выиграть бой — отец тут же бросился на пол.",61,19,6,medium,730,2018-01-04,"['детективные', 'короткие', 'страшные']",двое мужчин избивали друг друга но потом внезапно одновременно упали на пол,дочь одного из этих боксеров похитили и угрожают убить если её отец выиграет бой отец не пытался выиграть но в конце боя его оппонент упал в обморок чтобы не выиграть бой отец тут же бросился на пол,75,198,12,37
https://yesnogame.net/stories/13,13,Смерть под зонтом,"Пара нашла труп на пляже под зонтом с ножом на спине. Следов насилия не было, в том числе не было следов крови. Вскрытие показало, что это была естественная смерть.","Мужчина, у которого была татуировка ножа на спине, умер от сердечного приступа.",69,9,3,easy,873,2018-01-04,"['детективные', 'про убийства']",пара нашла труп на пляже под зонтом с ножом на спине следов насилия не было в том числе не было следов крови вскрытие показало что это была естественная смерть,мужчина у которого была татуировка ножа на спине умер от сердечного приступа,159,76,29,12
https://yesnogame.net/stories/14,14,Время спать,Маша смотрела кино. Внезапно она услышала серию взрывов и крики людей. Потом наступила тишина. Она выключила телевизор и пошла спать.,"Это была новогодняя ночь. Маша ждала, пока закончится салют, чтобы пойти спать.",72,6,2,easy,1384,2018-01-04,"['для детей', 'новогодние']",маша смотрела кино внезапно она услышала серию взрывов и крики людей потом наступила тишина она выключила телевизор и пошла спать,это была новогодняя ночь маша ждала пока закончится салют чтобы пойти спать,129,75,20,12
https://yesnogame.net/stories/15,15,Побег,"Михаил был в тюрьме. В один день он пообедал, затем навестил тюремный двор ненадолго, а потом пошел в библиотеку. В сумерках, вне досягаемости камер наблюдения, он переоделся. Затем он беспрепятственно вышел из тюрьмы. Как у него это получилось?",Михаил работал садовником в этой тюрьме.,63,7,2,easy,1601,2018-01-04,"['смешные', 'детективные', 'для детей']",михаил был в тюрьме в один день он пообедал затем навестил тюремный двор ненадолго а потом пошел в библиотеку в сумерках вне досягаемости камер наблюдения он переоделся затем он беспрепятственно вышел из тюрьмы как у него это получилось,михаил работал садовником в этой тюрьме,236,39,38,6
https://yesnogame.net/stories/16,16,Беспокойный сон,"Виталий пришел домой уставшим. Он зашел в свою комнату и выключил свет, чтобы лечь спать. Через некоторое время, почувствовав тревогу, он включил свет и осмотрел всё вокруг. Затем он выключил свет обратно и снова попытался уснуть. Так было несколько раз, прежде чем он посмотрел под свою кровать и обнаружил там труп.","Когда Виталий вошел в квартиру в ней был вор, который спрятался под кроватью. Вор перепугался и не смог справится с усиливающимся напряжением, в результате чего у него произошел сердечный приступ и он умер. В конце концов Виталий понял, что не мог спокойно спать из-за тиканья часов на руке вора.",77,13,6,medium,1043,2018-01-04,"['детективные', 'страшные', 'про убийства']",виталий пришел домой уставшим он зашел в свою комнату и выключил свет чтобы лечь спать через некоторое время почувствовав тревогу он включил свет и осмотрел всё вокруг затем он выключил свет обратно и снова попытался уснуть так было несколько раз прежде чем он посмотрел под свою кровать и обнаружил там труп,когда виталий вошел в квартиру в ней был вор который спрятался под кроватью вор перепугался и не смог справится с усиливающимся напряжением в результате чего у него произошел сердечный приступ и он умер в конце концов виталий понял что не мог спокойно спать из-за тиканья часов на руке вора,308,290,51,49
https://yesnogame.net/stories/17,17,Врачи не помогли,"Дима пошел в поликлинику за результатами анализов. Результаты не показывали никаких проблем со здоровьем. Однако, он совершил самоубийство вскоре после визита.","Дима знал что его жена изменяет ему, но он знал лишь имя любовника. Жена клялась ему, что никакого любовника нет. Но получив результаты анализов он увидел там имя врача, совпадавшего с именем любовника. Он понял, что жена изменяет ему с врачом и не смог справиться с этим.",35,20,6,medium,1019,2018-01-04,['для взрослых'],дима пошел в поликлинику за результатами анализов результаты не показывали никаких проблем со здоровьем однако он совершил самоубийство вскоре после визита,дима знал что его жена изменяет ему но он знал лишь имя любовника жена клялась ему что никакого любовника нет но получив результаты анализов он увидел там имя врача совпадавшего с именем любовника он понял что жена изменяет ему с врачом и не смог справиться с этим,155,264,21,47
https://yesnogame.net/stories/19,19,Брызги,"Борис плыл на парусной лодке, когда его часы упали в воду. Он был опытным дайвером, однако он так и не смог достать часы.","Борис плыл по мертвому морю. Из-за высокой концентрации соли он не смог нырнуть достаточно глубоко, чтобы дотянуться до часов.",74,10,4,medium,759,2018-01-05,"['на реальных событиях', 'для детей', 'короткие']",борис плыл на парусной лодке когда его часы упали в воду он был опытным дайвером однако он так и не смог достать часы,борис плыл по мертвому морю из-за высокой концентрации соли он не смог нырнуть достаточно глубоко чтобы дотянуться до часов,117,123,23,19
https://yesnogame.net/stories/21,21,Мясо альбатроса,"Слепой человек заходит в ресторан и заказывает мясо альбатроса. Поужинав, он выходит из ресторана, достает пистолет и стреляет себе в голову.","Несколько лет назад слепой человек потерпел кораблекрушение и попал с женой и другом на необитаемый остров. Несколько дней они голодали, затем жена и друг ушли на поиски пищи. Друг вернулся один и сказал, что жена, должно быть, заблудилась и вернется позже. Зато, по его словам, ему удалось наловить альбатросов. Жена так и не вернулась, а следующие несколько дней друг кормил слепого парня «мясом альбатроса». Попробовав настоящее мясо альбатроса, человек понял, что ел собственную жену, убитую его другом.",81,24,8,hard,5596,2018-01-05,"['детективные', 'про убийства', 'страшные']",слепой человек заходит в ресторан и заказывает мясо альбатроса поужинав он выходит из ресторана достает пистолет и стреляет себе в голову,несколько лет назад слепой человек потерпел кораблекрушение и попал с женой и другом на необитаемый остров несколько дней они голодали затем жена и друг ушли на поиски пищи друг вернулся один и сказал что жена должно быть заблудилась и вернется позже зато по его словам ему удалось наловить альбатросов жена так и не вернулась а следующие несколько дней друг кормил слепого парня мясом альбатроса попробовав настоящее мясо альбатроса человек понял что ел собственную жену убитую его другом,137,489,21,77
https://yesnogame.net/stories/22,22,Улыбка,"Евгений смотрел как убивают его родственников и друзей, но улыбка не сходила с его лица.","Евгений работал клоуном в цирке. Однажды во время представления животные сбежали из вольеров, и все люди бросились бежать. В давке погибали люди и члены его семьи. Но улыбка не сходила с его лица из-за клоунского грима.",74,10,5,medium,116,2018-01-18,"['детективные', 'смешные', 'страшные']",евгений смотрел как убивают его родственников и друзей но улыбка не сходила с его лица,евгений работал клоуном в цирке однажды во время представления животные сбежали из вольеров и все люди бросились бежать в давке погибали люди и члены его семьи но улыбка не сходила с его лица из-за клоунского грима,86,214,15,36
https://yesnogame.net/stories/24,24,Догнал,"Из здания выбежал Тони с двумя сумками в руках. Вслед за ним побежал ещё один человек, кричал и размахивал ножами.","Тони делал покупки в магазине, он потратил много денег, поэтому на кассе ему вручили подарок: комплект кухонных ножей. Тони так спешил на работу , что побежал к машине, забыв о подарке. Кассир заметил это и побежал за Тони, чтобы отдать подарок.",78,10,4,medium,532,2018-01-18,"['смешные', 'детективные']",из здания выбежал тони с двумя сумками в руках вслед за ним побежал ещё один человек кричал и размахивал ножами,тони делал покупки в магазине он потратил много денег поэтому на кассе ему вручили подарок комплект кухонных ножей тони так спешил на работу что побежал к машине забыв о подарке кассир заметил это и побежал за тони чтобы отдать подарок,111,235,20,40
https://yesnogame.net/stories/25,25,Священная смерть,"Сёма умер, когда священник перестал говорить.","Шестилетний мальчик принёс на литургию своего хомячка Сёму. Когда священник выступал перед прихожанами, хомяк сбежал и поднялся к алтарю. Когда священник закончил говорить он направился к своему креслу, но не увидел хомяка и раздавил его.",68,17,5,medium,271,2018-01-18,"['детективные', 'про убийства']",сёма умер когда священник перестал говорить,шестилетний мальчик принёс на литургию своего хомячка сёму когда священник выступал перед прихожанами хомяк сбежал и поднялся к алтарю когда священник закончил говорить он направился к своему креслу но не увидел хомяка и раздавил его,43,233,6,35
https://yesnogame.net/stories/27,27,Прогулка,"Тяжело дыша, мужчина вышел из квартиры, закрыл за собой дверь и быстро пошёл в низ по лестнице. Через два квартала он зашёл в другой дом и вздохнул с облегчением.","Мужчина переселялся в другую квартиру. Когда он донёс последние коробки, то вздохнул с облегчением.",73,11,4,medium,428,2018-01-18,"['для детей', 'короткие', 'страшные']",тяжело дыша мужчина вышел из квартиры закрыл за собой дверь и быстро пошёл в низ по лестнице через два квартала он зашёл в другой дом и вздохнул с облегчением,мужчина переселялся в другую квартиру когда он донёс последние коробки то вздохнул с облегчением,158,96,29,14
https://yesnogame.net/stories/28,28,Спущенное колесо,"Мужчина собрался ехать на работу на автомобиле, но обнаружил, что одна из шин спущена. Ничего не предпринимая, он сел в машину и проехал 20 километров до работы, а затем обратно до дома, без малейших затруднений. Как ему это удалось?","Шина была спущена на запасном колесе, которое лежало в багажнике.",78,4,2,easy,972,2018-01-18,"['для детей', 'смешные']",мужчина собрался ехать на работу на автомобиле но обнаружил что одна из шин спущена ничего не предпринимая он сел в машину и проехал 20 километров до работы а затем обратно до дома без малейших затруднений как ему это удалось,шина была спущена на запасном колесе которое лежало в багажнике,225,63,39,10
https://yesnogame.net/stories/30,30,Нашествие котов,Один человек уехал в отпуск и попросил друга присмотреть за котом. Через неделю в квартире бегали уже 8 взрослых котов.,"На следующий день кот убежал, и другу пришлось дать объявление о пропаже. Поскольку он сам еще не очень хорошо знал кота, ему пришлось оставлять у себя всех похожих котов, которых ему приносили. И ждать приезда друга, который должен был опознать своего питомца.",85,8,4,medium,2888,2018-01-18,"['для детей', 'смешные']",один человек уехал в отпуск и попросил друга присмотреть за котом через неделю в квартире бегали уже 8 взрослых котов,на следующий день кот убежал и другу пришлось дать объявление о пропаже поскольку он сам еще не очень хорошо знал кота ему пришлось оставлять у себя всех похожих котов которых ему приносили и ждать приезда друга который должен был опознать своего питомца,117,254,20,42
https://yesnogame.net/stories/31,31,Богачи,"Мужчина и женщина поженились и после свадьбы забросили все свои дела, и только развлекались. В итоге через три года они стали миллионерами.",До свадьбы они были миллиардерами. Но за три года промотали часть состояния и стали миллионерами.,82,8,3,easy,1526,2018-01-18,"['для детей', 'смешные', 'короткие']",мужчина и женщина поженились и после свадьбы забросили все свои дела и только развлекались в итоге через три года они стали миллионерами,до свадьбы они были миллиардерами но за три года промотали часть состояния и стали миллионерами,136,95,22,15
https://yesnogame.net/stories/32,32,Случай в баре,"Мужчина заходит в бар и просит стакан воды, бармен внезапно достает ружье и направляет на мужчину. Мужчина говорит «спасибо» и уходит.","Человек мучился от икоты и зашел в ближайший бар выпить воды. Бармен понял, в чем его проблема, и применил испытанное средство — напугать икающего человека. Способ сработал и мужчина поблагодарил его.",88,10,5,medium,10985,2018-01-18,"['для детей', 'смешные', 'страшные']",мужчина заходит в бар и просит стакан воды бармен внезапно достает ружье и направляет на мужчину мужчина говорит спасибо и уходит,человек мучился от икоты и зашел в ближайший бар выпить воды бармен понял в чем его проблема и применил испытанное средство напугать икающего человека способ сработал и мужчина поблагодарил его,129,193,21,30
https://yesnogame.net/stories/38,38,Повешенный,"Джон с собакой гуляли по заснеженному полю. Когда они подошли к одиноко стоящему дереву, они увидели труп висящего на дереве человека. Он умер накануне вечером от удушения, но вокруг не было никаких следов, кроме следов Джона и его собаки.",Человек был парашютистом. Его парашют запутался и зацепился за ветки деревьев.,76,6,3,easy,457,2018-01-18,"['детективные', 'про убийства']",джон с собакой гуляли по заснеженному полю когда они подошли к одиноко стоящему дереву они увидели труп висящего на дереве человека он умер накануне вечером от удушения но вокруг не было никаких следов кроме следов джона и его собаки,человек был парашютистом его парашют запутался и зацепился за ветки деревьев,233,76,39,11
https://yesnogame.net/stories/42,42,По шпалам,"Человек шел по рельсам и вдруг, увидел, что навстречу ему едет поезд. Тогда он побежал со всех ног навстречу приближающемуся поезду.","Человек находился в тоннеле и, чтобы спастись, был вынужден бежать по путям навстречу поезду. Когда тоннель кончился, он смог спрыгнуть с рельсов в сторону. И благодаря этому остался жив.",71,10,4,medium,238,2018-01-18,['на реальных событиях'],человек шел по рельсам и вдруг увидел что навстречу ему едет поезд тогда он побежал со всех ног навстречу приближающемуся поезду,человек находился в тоннеле и чтобы спастись был вынужден бежать по путям навстречу поезду когда тоннель кончился он смог спрыгнуть с рельсов в сторону и благодаря этому остался жив,128,181,21,29
https://yesnogame.net/stories/43,43,Погоня,"Бежит человек, за ним бежит толпа. Человек кричит преследователям «не видать вам золота», и начинает стрелять. Наблюдающие за происходящим ликуют.",Так проходили соревнования по биатлону.,84,7,3,easy,2246,2018-01-18,"['на реальных событиях', 'для детей', 'новогодние']",бежит человек за ним бежит толпа человек кричит преследователям не видать вам золота и начинает стрелять наблюдающие за происходящим ликуют,так проходили соревнования по биатлону,139,38,20,5
https://yesnogame.net/stories/44,44,Измена,"Муж возвращается из командировки, звонит в дверь, ему открывает жена. Он тут же набрасывается на неё с обвинениями в измене.",По дороге домой муж заехал к приятелю. Дверь приятельской квартиры ему открыла его собственная полуодетая жена.,80,12,4,medium,1411,2018-01-18,"['для взрослых', 'короткие', 'пошлые']",муж возвращается из командировки звонит в дверь ему открывает жена он тут же набрасывается на неё с обвинениями в измене,по дороге домой муж заехал к приятелю дверь приятельской квартиры ему открыла его собственная полуодетая жена,120,109,20,16
https://yesnogame.net/stories/47,47,Смертельный выстрел,"Охотник прицелился и выстрелил. Через несколько секунд он понял, что совершил ужасную ошибку. Через пару минут он был мертв.","Он охотился в заснеженных горах. Выстрел спровоцировал лавину, которой накрыло охотника. Он умер от удушения.",81,10,5,medium,1426,2018-01-18,"['детективные', 'короткие', 'про убийства', 'страшные']",охотник прицелился и выстрелил через несколько секунд он понял что совершил ужасную ошибку через пару минут он был мертв,он охотился в заснеженных горах выстрел спровоцировал лавину которой накрыло охотника он умер от удушения,120,105,19,15
https://yesnogame.net/stories/49,49,Высокая цена,"Андрей решил провести вечер с родными. Он купил билеты всей семье, а за свой билет расплатился жизнью.","Андрей отправился в зоопарк со своей семьей. Ему показалось, что билеты стоят очень дорого. Поэтому себе он не купил билет. Он перелез через стену, но очутился внутри клетки со львом. Когда он понял, было слишком поздно.",78,16,4,medium,102,2023-01-18,"['детективные', 'страшные']",андрей решил провести вечер с родными он купил билеты всей семье а за свой билет расплатился жизнью,андрей отправился в зоопарк со своей семьей ему показалось что билеты стоят очень дорого поэтому себе он не купил билет он перелез через стену но очутился внутри клетки со львом когда он понял было слишком поздно,99,212,17,36
https://yesnogame.net/stories/59,59,Гол,"Двое мальчишек играли на улице в футбол. Один из них случайно пнул мяч так сильно, что попал в прохожую. На удивление, она поблагодарила ребят за это.","Женщина собиралась перейти дорогу, но не заметила приближающейся на большой скорости грузовик. Если бы мяч не отвлек, то машина бы просто раздавила ее.",82,6,3,easy,253,2023-01-19,"['для детей', 'страшные']",двое мальчишек играли на улице в футбол один из них случайно пнул мяч так сильно что попал в прохожую на удивление она поблагодарила ребят за это,женщина собиралась перейти дорогу но не заметила приближающейся на большой скорости грузовик если бы мяч не отвлек то машина бы просто раздавила ее,145,147,26,23
https://yesnogame.net/stories/60,60,Смерть в парке,Женщину нашли мертвой в парке. Полицейский позвонил ее брату и попросил его приехать на место преступления для опознания трупа. Как только он прибыл туда его сразу же арестовали.,"Полицейский забыл рассказать брату погибшей, где они находятся. Когда брат прибыл на место, полицейский очень удивился и понял, что знать, где произошло преступление, мог знать только сам убийца.",83,5,2,easy,286,2023-01-19,"['детективные', 'про убийства', 'Шерлок Холмс', 'страшные']",женщину нашли мертвой в парке полицейский позвонил ее брату и попросил его приехать на место преступления для опознания трупа как только он прибыл туда его сразу же арестовали,полицейский забыл рассказать брату погибшей где они находятся когда брат прибыл на место полицейский очень удивился и понял что знать где произошло преступление мог знать только сам убийца,175,188,28,28
https://yesnogame.net/stories/61,61,Последнее свидание,Парень пригласил девушку в ресторан на романтический ужин. К концу свидания она умерла у него на глазах.,"Парень хотел сделать девушке предложение. Он попросил официанта подкинуть кольцо в бокал шампанского для своей подруги. Когда им принесли игристый напиток, девушка так быстро осушила бокал, что нечаянно проглотила кольцо. Оно застряло у неё в горле, и вскоре она задохнулась.",74,7,3,easy,73,2023-01-19,"['детективные', 'про убийства', 'страшные', 'для взрослых']",парень пригласил девушку в ресторан на романтический ужин к концу свидания она умерла у него на глазах,парень хотел сделать девушке предложение он попросил официанта подкинуть кольцо в бокал шампанского для своей подруги когда им принесли игристый напиток девушка так быстро осушила бокал что нечаянно проглотила кольцо оно застряло у неё в горле и вскоре она задохнулась,102,268,17,40
https://yesnogame.net/stories/90,90,Наживка,"Посреди океана стоит комфортабельная яхта, а рядом с нею плавает шесть трупов.","Хозяева этой яхты попрыгали в воду с борта, забыв опустить лестницу. В результате они не смогли подняться обратно на борт и умерли от переохлаждения в воде.",71,10,4,medium,218,2019-08-11,"['детективные', 'короткие']",посреди океана стоит комфортабельная яхта а рядом с нею плавает шесть трупов,хозяева этой яхты попрыгали в воду с борта забыв опустить лестницу в результате они не смогли подняться обратно на борт и умерли от переохлаждения в воде,76,153,12,26
https://yesnogame.net/stories/92,92,Сухой,Человек умирает в собственном доме от жажды. Как это произошло?,"Домом для человека служила яхта, в которой он совершал кругосветное путешествие. Во время плавания по океану пресная вода закончилась гораздо быстрее, чем рассчитывал хозяин.",72,11,3,easy,74,2023-10-31,"['детективные', 'про убийства', 'страшные']",человек умирает в собственном доме от жажды как это произошло,домом для человека служила яхта в которой он совершал кругосветное путешествие во время плавания по океану пресная вода закончилась гораздо быстрее чем рассчитывал хозяин,61,170,10,24
https://yesnogame.net/stories/95,95,Живодёр,"Человек получил посылку, в которой лежала мертвая мышь. Он сообщил об этом в полицию, и отправителя посылки привлекли к суду за мошенничество.","Отправитель должен был выслать драгоценности. Он надеялся, что мышь прогрызет дыру и убежит, а почту удастся обвинить в потере.",77,15,6,medium,586,2018-01-20,"['детективные', 'смешные', 'для детей', 'короткие']",человек получил посылку в которой лежала мертвая мышь он сообщил об этом в полицию и отправителя посылки привлекли к суду за мошенничество,отправитель должен был выслать драгоценности он надеялся что мышь прогрызет дыру и убежит а почту удастся обвинить в потере,138,123,22,19
https://yesnogame.net/stories/96,96,Гроссмейстер,"Идя по следу преступников, инспектор полиции зашел в шахматный клуб. Оценив ситуацию, он сказал своим помощникам: ""Задержите тех двоих!"". Как он понял?","У одного из ""шахматистов"" не было на столе королей.",59,10,5,medium,86,2018-01-20,"['детективные', 'Шерлок Холмс']",идя по следу преступников инспектор полиции зашел в шахматный клуб оценив ситуацию он сказал своим помощникам задержите тех двоих как он понял,у одного из шахматистов не было на столе королей,142,48,22,9
https://yesnogame.net/stories/97,97,Личное пространство,"Полиция Венесуэлы несколько раз пыталась арестовать известного бандита. Они знали, где он живет. Иногда, получив ордер на его арест, они отправлялись к нему домой. Как только они входили в дом, он запирался в спальне. Полицейским ничего не оставалось делать, кроме как уйти ни с чем.","Его дом стоял на границе Венесуэлы и Колумбии. Хотя входная дверь и полдома были расположены на территории Венесуэлы, спальня была расположена на территории Колумбии. Венесуэльская полиция не имела юрисдикции в Колумбии, поэтому полицейские не могли его арестовать, пока он находился в спальне.",85,11,5,medium,1646,2019-07-20,"['детективные', 'на реальных событиях']",полиция венесуэлы несколько раз пыталась арестовать известного бандита они знали где он живет иногда получив ордер на его арест они отправлялись к нему домой как только они входили в дом он запирался в спальне полицейским ничего не оставалось делать кроме как уйти ни с чем,его дом стоял на границе венесуэлы и колумбии хотя входная дверь и полдома были расположены на территории венесуэлы спальня была расположена на территории колумбии венесуэльская полиция не имела юрисдикции в колумбии поэтому полицейские не могли его арестовать пока он находился в спальне,273,288,45,42
https://yesnogame.net/stories/99,99,Ударился мизинцем,"Некто позвонил в полицию и сообщил, чтобы они поинтересовались Джоном К. Прибыв к Джону домой, полиция обнаружила его мертвым. Обследовав труп, полиция обнаружила тяжкие телесные повреждения. Но квартира была в полном порядке, никаких следов борьбы и взлома не было обнаружено.","Водитель, сбив ночью прохожего, по документам определил его адрес и то, что он был одинок, и отвез его домой.",61,15,5,medium,69,2018-01-20,"['детективные', 'Шерлок Холмс', 'страшные']",некто позвонил в полицию и сообщил чтобы они поинтересовались джоном к прибыв к джону домой полиция обнаружила его мертвым обследовав труп полиция обнаружила тяжкие телесные повреждения но квартира была в полном порядке никаких следов борьбы и взлома не было обнаружено,водитель сбив ночью прохожего по документам определил его адрес и то что он был одинок и отвез его домой,269,104,40,19
https://yesnogame.net/stories/106,106,Пустая комната,"Бил был найден мертвым в луже крови и воды в абсолютно пустой комнате без окон, запертой изнутри. Как такое могло произойти?",Он проткнул себя сосулькой.,66,14,5,medium,302,2019-03-20,"['детективные', 'смешные', 'про убийства', 'короткие', 'страшные']",бил был найден мертвым в луже крови и воды в абсолютно пустой комнате без окон запертой изнутри как такое могло произойти,он проткнул себя сосулькой,121,26,21,4
https://yesnogame.net/stories/125,125,Укололся,"Мужчина идёт по пустыне, вдруг видит кактус, а на нём пустой лист бумаги. Он ложится и умирает.","Это была его же метка, которую он оставил, когда бродил по пустыне. Увидев её, он понял, что окончательно заблудился.",78,9,4,medium,492,2018-01-22,"['детективные', 'короткие', 'про убийства', 'страшные']",мужчина идёт по пустыне вдруг видит кактус а на нём пустой лист бумаги он ложится и умирает,это была его же метка которую он оставил когда бродил по пустыне увидев её он понял что окончательно заблудился,91,111,17,19
https://yesnogame.net/stories/126,126,Туфля,Перед сном женщина спрятала свою туфлю в сейф. Зачем?,"Эта женщина работает стюардессой в самолёте. В гостинице перед сном она кладёт свои документы в сейф, а чтобы их на утро не забыть, кладёт в месте с документами одну свою туфлю.",84,14,6,medium,2736,2018-01-23,"['смешные', 'для детей']",перед сном женщина спрятала свою туфлю в сейф зачем,эта женщина работает стюардессой в самолёте в гостинице перед сном она кладёт свои документы в сейф а чтобы их на утро не забыть кладёт в месте с документами одну свою туфлю,51,173,9,31
https://yesnogame.net/stories/127,127,Здоровая рука,"Почему совершенно здоровая молодая девушка надела гипс себе на руку, которая не была повреждена?","Молодая девушка надела гипс на здоровую руку перед устным экзаменом по французскому языку. Она (верно) предположила, что экзаменатор спросит её о том, как же она травмировала руку. И она пришла на экзамен, подготовившись именно к этому вопросу.",68,19,6,medium,350,2018-01-27,['смешные'],почему совершенно здоровая молодая девушка надела гипс себе на руку которая не была повреждена,молодая девушка надела гипс на здоровую руку перед устным экзаменом по французскому языку она верно предположила что экзаменатор спросит её о том как же она травмировала руку и она пришла на экзамен подготовившись именно к этому вопросу,94,236,14,37
https://yesnogame.net/stories/129,129,Разговор,"Женщина разговаривает, при этом она расстроена. Никто не может ее понять, но мужчина специально снимает её на видеокамеру. Зачем?","Женщине было 87 лет. Язык, на котором она говорила, вымирал, и, более того, она была последним его носителем. На пленку ее снимал академик, который пытался запечатлеть этот язык прежде, чем он окажется потерянным навсегда. Это происходило реально: доктор Давид Долби снимал последнюю женщину, говорившую на африканском языке Бикья в 1986 году.",83,15,7,hard,1004,2018-01-27,"['на реальных событиях', 'исторические', 'страшные']",женщина разговаривает при этом она расстроена никто не может ее понять но мужчина специально снимает её на видеокамеру зачем,женщине было 87 лет язык на котором она говорила вымирал и более того она была последним его носителем на пленку ее снимал академик который пытался запечатлеть этот язык прежде чем он окажется потерянным навсегда это происходило реально доктор давид долби снимал последнюю женщину говорившую на африканском языке бикья в 1986 году,124,330,19,51
https://yesnogame.net/stories/130,130,Чисто выбритые,Почему Александр Македонский приказал своим воинам побриться?,"Бородатых мужчин можно было схватить за бороду в рукопашном бою.(правда, данная причина приказа, возможно, является мифом)",76,8,3,easy,529,2018-01-27,"['на реальных событиях', 'для детей', 'смешные', 'исторические', 'короткие']",почему александр македонский приказал своим воинам побриться,бородатых мужчин можно было схватить за бороду в рукопашном бою правда данная причина приказа возможно является мифом,60,117,7,17
https://yesnogame.net/stories/131,131,Страдающие,"Когда Саши смотрели телевизор, им было не так страшно. Но увидя страдания Антонов, Саши осознали, что что-то действительно не так.","Это был эксперимент с детьми, когда им берут кровь, который показал, что им намного больнее, когда рядом стоят родители и их успокаивают, чем когда они смотрят телевизор.",50,21,7,hard,537,2018-01-27,"['на реальных событиях', 'исторические']",когда саши смотрели телевизор им было не так страшно но увидя страдания антонов саши осознали что что-то действительно не так,это был эксперимент с детьми когда им берут кровь который показал что им намного больнее когда рядом стоят родители и их успокаивают чем когда они смотрят телевизор,125,164,20,27
https://yesnogame.net/stories/132,132,Машина-обманщица,"Иван создал устройство, который превращает цветную бумагу в 100-долларовые купюры. И даже специалисты не могут отличить их от настоящих. Но почему он выставил это устройство на продажу?","Иван мошенник. Он хочет продать устройство другому жулику.Во время демонстрации он вставляет внутрь устройства с виду обычную зеленую бумагу, но на самом деле это настоящие 100-долларовые банкноты, обильно покрытые специальной краской. Устройство всего-навсего снимает эту краску.",65,17,6,medium,136,2018-01-27,"['для детей', 'детективные']",иван создал устройство который превращает цветную бумагу в 100-долларовые купюры и даже специалисты не могут отличить их от настоящих но почему он выставил это устройство на продажу,иван мошенник он хочет продать устройство другому жулику во время демонстрации он вставляет внутрь устройства с виду обычную зеленую бумагу но на самом деле это настоящие 100-долларовые банкноты обильно покрытые специальной краской устройство всего-навсего снимает эту краску,181,275,27,37
https://yesnogame.net/stories/133,133,Игра восприятия,"Толя умер от того, что перепутал цвета.","В Таиланде, если туриста кусает змея, местным врачам требуется определить породу змеи, чтобы подобрать противоядие. Сам турист в этом, как правило, не разбирается, поэтому у него спрашивают, какого цвета была змея, и по цвету определяют разновидность.Толя был дальтоником, поэтому получил противоядие не от той змеи.",82,14,6,medium,1560,2018-01-27,"['на реальных событиях', 'детективные', 'про убийства', 'страшные']",толя умер от того что перепутал цвета,в таиланде если туриста кусает змея местным врачам требуется определить породу змеи чтобы подобрать противоядие сам турист в этом как правило не разбирается поэтому у него спрашивают какого цвета была змея и по цвету определяют разновидность толя был дальтоником поэтому получил противоядие не от той змеи,37,305,7,46
https://yesnogame.net/stories/134,134,Убийца,"Коля захлопал в ладоши, и все другие, находящиеся в комнате, погибли. Что произошло?",Коля истреблял комаров.,82,6,3,easy,1386,2018-02-10,"['для детей', 'смешные', 'на реальных событиях', 'про убийства']",коля захлопал в ладоши и все другие находящиеся в комнате погибли что произошло,коля истреблял комаров,79,22,13,3
https://yesnogame.net/stories/135,135,Необычная пушка,"В Америке создали пушку, которая стреляла курицами. Зачем?","Из нее стреляли тушкой курицы в лобовое стекло самолета, чтобы проверить, разобьется ли оно при столкновении с птицей.",84,13,6,medium,2037,2018-02-10,"['на реальных событиях', 'для детей', 'смешные', 'исторические', 'короткие']",в америке создали пушку которая стреляла курицами зачем,из нее стреляли тушкой курицы в лобовое стекло самолета чтобы проверить разобьется ли оно при столкновении с птицей,55,115,8,18
https://yesnogame.net/stories/136,136,Груша в бутылке,"Всем известно, что есть способ поместить в бутылку модель корабля. Но как поместить в бутылку спелую грушу, не повредив грушу и бутылку?","Груша выращивается в бутылке, которую привязывают к ветке вскоре после того, как плод завяжется.",73,5,2,easy,797,2018-02-10,"['на реальных событиях', 'для детей', 'смешные', 'короткие']",всем известно что есть способ поместить в бутылку модель корабля но как поместить в бутылку спелую грушу не повредив грушу и бутылку,груша выращивается в бутылке которую привязывают к ветке вскоре после того как плод завяжется,132,93,22,14
https://yesnogame.net/stories/137,137,Деревенский дурачок,"Люди, приезжавшие в живописную горную деревушку, часто удивлялись местному дурачку. Когда ему предлагали выбор между блестящей 50-центовой монетой и мятой пятидолларовой купюрой, он всегда выбирал монету, хотя она стоит вдесятеро меньше купюры. Почему он никогда не выбирал купюру?","«Дурачок» был не так глуп: он понимал, что, пока он будет выбирать 50-центовую монету, люди будут предлагать ему выбор, а если он выберет пятидолларовую купюру, предложения выбора прекратятся, и он не будет получать ничего.",82,9,4,medium,468,2018-02-10,"['для детей', 'смешные']",люди приезжавшие в живописную горную деревушку часто удивлялись местному дурачку когда ему предлагали выбор между блестящей 50-центовой монетой и мятой пятидолларовой купюрой он всегда выбирал монету хотя она стоит вдесятеро меньше купюры почему он никогда не выбирал купюру,дурачок был не так глуп он понимал что пока он будет выбирать 50-центовую монету люди будут предлагать ему выбор а если он выберет пятидолларовую купюру предложения выбора прекратятся и он не будет получать ничего,274,213,38,34
https://yesnogame.net/stories/138,138,Пожар на острове,"Человек находится на острове длиной полтора километра и шириной около 90 метров. Из-за долгой засухи трава и кусты на острове сильно пересохли. Внезапно на одном конце острова возник пожар, и сильный ветер погнал огонь в сторону человека. Спастись в море человек не мог, так как в море было множество акул. Отлогих берегов без растительности на острове нет, берега представляют собой отвесные утесы. Как человеку спастись от огня?","Человеку нужно зажечь огонь на подветренной от себя стороне и немного отойти навстречу главному пожару. Ветер погонит огонь к подветренному концу острова. Когда этот участок выгорит, человек сможет вернуться на него и спокойно ждать, пока основной пожар дойдет до этого участка и погаснет, так как гореть будет нечему.",68,14,6,medium,89,2018-02-10,['на реальных событиях'],человек находится на острове длиной полтора километра и шириной около 90 метров из-за долгой засухи трава и кусты на острове сильно пересохли внезапно на одном конце острова возник пожар и сильный ветер погнал огонь в сторону человека спастись в море человек не мог так как в море было множество акул отлогих берегов без растительности на острове нет берега представляют собой отвесные утесы как человеку спастись от огня,человеку нужно зажечь огонь на подветренной от себя стороне и немного отойти навстречу главному пожару ветер погонит огонь к подветренному концу острова когда этот участок выгорит человек сможет вернуться на него и спокойно ждать пока основной пожар дойдет до этого участка и погаснет так как гореть будет нечему,421,312,67,48
https://yesnogame.net/stories/139,139,Выкуп в будке,"У богатого человека похитили сына. Похититель потребовал, чтобы он принес принадлежащий ему дорогой бриллиант в телефонную будку, стоящую в середине городского парка. Полицейские в штатском окружили парк, намереваясь схватить преступника или его посредника. Отец похищенного ребенка пришел к телефонной будке и выполнил все указания похитителей, но полиция не смогла ни помешать хитрому преступнику вынести алмаз из парка, ни схватить негодяя. Что он сделал?","Это реальный случай, произошедший на Тайване. Когда отец пришел к телефонной будке, он нашел там почтового голубя в клетке. К нему была привязана записка, в которой говорилось, что бриллиант нужно положить в маленький мешочек, закрепленный на шее голубя, и выпустить голубя из клетки. Когда он сделал это, голубь полетел через весь город в свою голубятню, и полиция не смогла проследить за ним.",85,11,5,medium,2404,2018-02-10,"['на реальных событиях', 'смешные', 'детективные']",у богатого человека похитили сына похититель потребовал чтобы он принес принадлежащий ему дорогой бриллиант в телефонную будку стоящую в середине городского парка полицейские в штатском окружили парк намереваясь схватить преступника или его посредника отец похищенного ребенка пришел к телефонной будке и выполнил все указания похитителей но полиция не смогла ни помешать хитрому преступнику вынести алмаз из парка ни схватить негодяя что он сделал,это реальный случай произошедший на тайване когда отец пришел к телефонной будке он нашел там почтового голубя в клетке к нему была привязана записка в которой говорилось что бриллиант нужно положить в маленький мешочек закрепленный на шее голубя и выпустить голубя из клетки когда он сделал это голубь полетел через весь город в свою голубятню и полиция не смогла проследить за ним,448,382,63,62
https://yesnogame.net/stories/140,140,Похожие устройства,"Два распространенных устройства выполняют одну и ту же функцию, но одно из них имеет огромное количество движущихся частей, а другое не имеет ни одной. Что это за устройства?","Одно из этих устройств — песочные часы (часто применяемые для отсчета времени при варке яиц), а другое — солнечные часы. Оба они предназначены для измерения времени.Даже в маленьких песочных часах обычно находится более 100 000 песчинок.Можно дать подсказку отгадывающим: оба устройства изобретены очень давно.",77,7,3,easy,207,2018-02-10,"['на реальных событиях', 'исторические', 'для детей']",два распространенных устройства выполняют одну и ту же функцию но одно из них имеет огромное количество движущихся частей а другое не имеет ни одной что это за устройства,одно из этих устройств песочные часы часто применяемые для отсчета времени при варке яиц а другое солнечные часы оба они предназначены для измерения времени даже в маленьких песочных часах обычно находится более 100 000 песчинок можно дать подсказку отгадывающим оба устройства изобретены очень давно,170,300,28,44
https://yesnogame.net/stories/141,141,Класс отличников,"Инспектор, проверявший некую школу, заметил, что, когда бы учитель ни задал классу вопрос, в ответ тянули руки все ученики. Более того, хотя учитель каждый раз выбирал другого ученика, ответ всегда бывал правильным. Как это получалось?","Учитель сказал ученикам, чтобы они вызывались отвечать независимо от того, знают ответ или не знают. Но те, кто знает ответ, должны поднимать правую руку, а те, кто не знает, — левую. Учитель каждый раз выбирал другого ученика, но всегда того, кто поднимал правую руку.",85,11,5,medium,2509,2018-02-10,"['для детей', 'смешные']",инспектор проверявший некую школу заметил что когда бы учитель ни задал классу вопрос в ответ тянули руки все ученики более того хотя учитель каждый раз выбирал другого ученика ответ всегда бывал правильным как это получалось,учитель сказал ученикам чтобы они вызывались отвечать независимо от того знают ответ или не знают но те кто знает ответ должны поднимать правую руку а те кто не знает левую учитель каждый раз выбирал другого ученика но всегда того кто поднимал правую руку,225,255,35,43
https://yesnogame.net/stories/142,142,Как обыграть Ника Фалдо?,"Некий человек вызвал на соревнование чемпиона по гольфу Ника Фалдо, поставив условием, что сам выберет время и место проведения игры. Ник принял это условие, и вызвавший легко выиграл у него. Почему?","Вызвавший был слепым и назначил соревнование на полночь в безлунную ночь. Ему темнота совсем не мешала. (Слепые действительно участвуют в соревнованиях по гольфу, пользуясь указаниями зрячих о том, где находится мяч и лунка.) Чемпиону же было сложно играть в непривычных условиях.",78,12,5,medium,272,2018-02-10,"['на реальных событиях', 'смешные', 'исторические']",некий человек вызвал на соревнование чемпиона по гольфу ника фалдо поставив условием что сам выберет время и место проведения игры ник принял это условие и вызвавший легко выиграл у него почему,вызвавший был слепым и назначил соревнование на полночь в безлунную ночь ему темнота совсем не мешала слепые действительно участвуют в соревнованиях по гольфу пользуясь указаниями зрячих о том где находится мяч и лунка чемпиону же было сложно играть в непривычных условиях,193,272,31,41
https://yesnogame.net/stories/143,143,Ремни безопасности,"В больницу Сент-Джеймс направляли всех пострадавших в результате несчастных случаев в городе. Больше всего было водителей и пассажиров, пострадавших в ДТП. Чтобы уменьшить их число, городские власти сделали обязательным пользование ремнями безопасности. Водители и пассажиры стали пристегивать эти ремни, но число ДТП осталось неизменным, а число пострадавших в них людей, которые поступали в больницу, даже увеличилось. Почему?","Пользование ремнями безопасности уменьшило число погибающих при ДТП. Многие люди, которые без ремня безопасности погибли бы (и попали бы в морги), оставались в живых, но получали травмы, и им требовалось лечение. Поэтому число попадающих в больницу стало больше.",71,11,5,medium,131,2018-02-10,"['на реальных событиях', 'детективные', 'страшные']",в больницу сент-джеймс направляли всех пострадавших в результате несчастных случаев в городе больше всего было водителей и пассажиров пострадавших в дтп чтобы уменьшить их число городские власти сделали обязательным пользование ремнями безопасности водители и пассажиры стали пристегивать эти ремни но число дтп осталось неизменным а число пострадавших в них людей которые поступали в больницу даже увеличилось почему,пользование ремнями безопасности уменьшило число погибающих при дтп многие люди которые без ремня безопасности погибли бы и попали бы в морги оставались в живых но получали травмы и им требовалось лечение поэтому число попадающих в больницу стало больше,417,253,57,38
https://yesnogame.net/stories/144,144,Койки для здоровых,"Директор больницы подтвердил, что многие принятые в его больницу люди не были больными, но им были оказаны медицинские услуги. Почему?","Эта больница была родильным домом, в который принимали беременных женщин.",82,8,3,easy,793,2018-02-10,"['на реальных событиях', 'короткие']",директор больницы подтвердил что многие принятые в его больницу люди не были больными но им были оказаны медицинские услуги почему,эта больница была родильным домом в который принимали беременных женщин,130,71,20,10
https://yesnogame.net/stories/145,145,Гренландия,"Гренландия - огромный остров, покрытый снегом и льдом. Почему человек, открывший этот остров, назвал его Гренландией, т. е. Зеленой страной?","Гренландию открыл примерно в 982 г. скандинавский ярл Эрик Рыжий. Он стремился побудить людей селиться там и поэтому назвал страну Гренландией, так как это название могло привлечь их (на англ. языке greenland — «зеленая земля»). Это один из ранних примеров сознательной дезинформации.",77,8,4,medium,206,2018-02-10,"['на реальных событиях', 'исторические']",гренландия - огромный остров покрытый снегом и льдом почему человек открывший этот остров назвал его гренландией т е зеленой страной,гренландию открыл примерно в 982 г скандинавский ярл эрик рыжий он стремился побудить людей селиться там и поэтому назвал страну гренландией так как это название могло привлечь их на англ языке зеленая земля это один из ранних примеров сознательной дезинформации,132,262,20,40
https://yesnogame.net/stories/146,146,Ужасный чердак,"Родители требовали от маленькой дочери, чтобы она не смела открывать дверь чердака, не то она увидит то, что ей нельзя видеть. Однажды, когда родителей не было дома, она все же открыла эту дверь. Что она увидела?","Открыв дверь чердака, девочка увидела гостиную, а за ее окнами сад. Она никогда не видела этого, потому что родители всю жизнь держали ее на чердаке. (Это действительно задача на разностороннее мышление, поскольку почти все молчаливо подразумевают, что тот, кто открывает дверь чердака, открывает ее снаружи.)",84,20,8,hard,2616,2018-02-10,"['детективные', 'страшные', 'японские']",родители требовали от маленькой дочери чтобы она не смела открывать дверь чердака не то она увидит то что ей нельзя видеть однажды когда родителей не было дома она все же открыла эту дверь что она увидела,открыв дверь чердака девочка увидела гостиную а за ее окнами сад она никогда не видела этого потому что родители всю жизнь держали ее на чердаке это действительно задача на разностороннее мышление поскольку почти все молчаливо подразумевают что тот кто открывает дверь чердака открывает ее снаружи,204,297,36,45
https://yesnogame.net/stories/147,147,Умер от страха,"Человек проснулся, зажег спичку и увидел нечто такое, что умер от испуга. Что случилось?","Человек был приговорен к очень большому сроку заключения и сидел в тюрьме. Он заплатил человеку, ведающему похоронами людей, которые умерли в тюрьме, чтобы тот помог ему бежать. План состоял в том, что, когда в тюрьме кто-нибудь умрет, узник спрячется в гробу рядом с покойником. Когда же гроб будет захоронен за стенами тюрьмы, организатор похорон выроет его и освободит человека.Узнав, что в тюрьме кто-то умер, узник привел свой план в действие. Под покровом ночи он прокрался в гроб и лег рядом с покойником. Там он уснул. Проснулся он уже тогда, когда гроб был захоронен. Он зажег спичку и увидел лицо покойника - это был тот самый человек, который должен был выкопать гроб.Среди серий сериала «Час Хичкока» (1962 – 1965 гг) был эпизод «Последний побег», в котором именно это и произошло!",85,24,8,hard,5663,2018-02-10,"['детективные', 'про убийства', 'страшные']",человек проснулся зажег спичку и увидел нечто такое что умер от испуга что случилось,человек был приговорен к очень большому сроку заключения и сидел в тюрьме он заплатил человеку ведающему похоронами людей которые умерли в тюрьме чтобы тот помог ему бежать план состоял в том что когда в тюрьме кто-нибудь умрет узник спрячется в гробу рядом с покойником когда же гроб будет захоронен за стенами тюрьмы организатор похорон выроет его и освободит человека узнав что в тюрьме кто-то умер узник привел свой план в действие под покровом ночи он прокрался в гроб и лег рядом с покойником там он уснул проснулся он уже тогда когда гроб был захоронен он зажег спичку и увидел лицо покойника - это был тот самый человек который должен был выкопать гроб среди серий сериала час хичкока 1962 1965 гг был эпизод последний побег в котором именно это и произошло,84,765,14,130
https://yesnogame.net/stories/148,148,Ядовитый пунш,"Человек пришел на вечеринку и выпил немного пунша. Ушел он рано. Все участники вечеринки, которые пили пунш после него, умерли от отравления. Почему не умер он?","Яд содержался в кусочках льда, которые были положены в пунш. Первый человек выпил пунш, когда лед еще не растаял и достаточное количество яда не попало в пунш. Постепенно лед растаял, и яд смешался с пуншем.",83,10,5,medium,583,2018-02-10,"['детективные', 'про убийства', 'страшные']",человек пришел на вечеринку и выпил немного пунша ушел он рано все участники вечеринки которые пили пунш после него умерли от отравления почему не умер он,яд содержался в кусочках льда которые были положены в пунш первый человек выпил пунш когда лед еще не растаял и достаточное количество яда не попало в пунш постепенно лед растаял и яд смешался с пуншем,154,201,26,35
https://yesnogame.net/stories/149,149,Незнакомец в машине,"Муж и жена спешно ехали из пригорода в город, но в их машине кончился бензин. Муж оставил жену в машине, наказав ей держать окна закрытыми, а двери запертыми. Когда он вернулся, окна так и были закрытыми, а двери запертыми, но его жена в машине была мертва, а рядом с ней в машине находился некто. Машина не была ни взломана, ни повреждена, и у нее не было ни откидного верха, ни задней двери. Попасть внутрь нее можно было только через двери. Кто же был этот незнакомец, и почему жена умерла?","Женщина умерла при родах, и незнакомцем был ее новорожденный сын.",75,13,4,medium,150,2018-02-10,['детективные'],муж и жена спешно ехали из пригорода в город но в их машине кончился бензин муж оставил жену в машине наказав ей держать окна закрытыми а двери запертыми когда он вернулся окна так и были закрытыми а двери запертыми но его жена в машине была мертва а рядом с ней в машине находился некто машина не была ни взломана ни повреждена и у нее не было ни откидного верха ни задней двери попасть внутрь нее можно было только через двери кто же был этот незнакомец и почему жена умерла,женщина умерла при родах и незнакомцем был ее новорожденный сын,476,63,89,10
https://yesnogame.net/stories/150,150,Конкуренция,"В конце 19-го века одному американцу, чтобы выдержать конкуренцию в своем бизнесе и не разориться, пришлось изобрести систему, которой мы сегодня широко пользуемся. Что это за система?","Патент на первый телефонный аппарат с набором номера был выдан в позапрошлом веке американцу Элмону Строуджеру, гробовщику из Канзас-Сити.Дело в том, что в 1891 году в городе работали две погребальные конторы. Узнав, что супруга конкурента устроилась на телефонную станцию, Строуджер забеспокоился: ведь, когда абоненты просят соединить их с гробовщиком, она, наверняка, отправляет звонящих к своему мужу, его конкуренту! Тогда он придумал систему, позволяющую каждому абоненту самостоятельно соединяться с нужным номером прямо из дома, без посредников.",78,22,8,hard,394,2018-02-10,"['на реальных событиях', 'исторические']",в конце 19-го века одному американцу чтобы выдержать конкуренцию в своем бизнесе и не разориться пришлось изобрести систему которой мы сегодня широко пользуемся что это за система,патент на первый телефонный аппарат с набором номера был выдан в позапрошлом веке американцу элмону строуджеру гробовщику из канзас-сити дело в том что в 1891 году в городе работали две погребальные конторы узнав что супруга конкурента устроилась на телефонную станцию строуджер забеспокоился ведь когда абоненты просят соединить их с гробовщиком она наверняка отправляет звонящих к своему мужу его конкуренту тогда он придумал систему позволяющую каждому абоненту самостоятельно соединяться с нужным номером прямо из дома без посредников,179,538,27,76
https://yesnogame.net/stories/151,151,Прыжок с 6 этажа,"Женщина cпрыгивает с подоконника на 6 этаже, однако ничуть не увечит себя.","Она намеревалась совершить суицид, но поменяла свое решение в последнюю секунду и прыгнула обратно в квартиру.",67,6,2,easy,591,2018-03-04,"['детективные', 'короткие', 'страшные']",женщина прыгивает с подоконника на 6 этаже однако ничуть не увечит себя,она намеревалась совершить суицид но поменяла свое решение в последнюю секунду и прыгнула обратно в квартиру,71,108,12,16
https://yesnogame.net/stories/152,152,Преждевременная смерть,"Мужчина, рассчитывающий умереть через несколько дней, уходит на тот свет раньше, чем он ожидал.","Мужчина был очень болен и решил стать донором органов для одного богатого человека. Но поскольку сын богача хотел получить наследство своего отца, он отравил донора, чтобы предотвратить пересадку органов.",83,18,7,hard,829,2018-03-04,"['детективные', 'про убийства', 'страшные']",мужчина рассчитывающий умереть через несколько дней уходит на тот свет раньше чем он ожидал,мужчина был очень болен и решил стать донором органов для одного богатого человека но поскольку сын богача хотел получить наследство своего отца он отравил донора чтобы предотвратить пересадку органов,91,200,14,29
https://yesnogame.net/stories/153,153,Свет,Роджер видит свет и впадает в ступор. Вскоре после этого он умирает.,"Роджер был кроликом, который сбежал из дома своих хозяев. Он перебегал проезжую часть, когда фары проезжающей мимо машины его ослепили. Водитель не заметил Роджера и задавил его.",67,8,4,medium,254,2018-03-04,"['детективные', 'про убийства', 'для детей', 'страшные']",роджер видит свет и впадает в ступор вскоре после этого он умирает,роджер был кроликом который сбежал из дома своих хозяев он перебегал проезжую часть когда фары проезжающей мимо машины его ослепили водитель не заметил роджера и задавил его,66,173,12,27
https://yesnogame.net/stories/154,154,Последний ужин,"Женщина планирует убить своего мужа во время ужина. Однако совершает самоубийство, готовя этот ужин.","Она планировала убить своего мужа, добавив в его еду пилюли с ядом, которые она хранила в своей сумочке. Когда она пошла забрать эти таблетки, обнаружила, что их нет на месте и что ее сын проглотил их, приняв за конфеты. Не перенеся этого горя, она покончила с собой.",72,11,5,medium,188,2018-03-04,"['детективные', 'про убийства', 'страшные']",женщина планирует убить своего мужа во время ужина однако совершает самоубийство готовя этот ужин,она планировала убить своего мужа добавив в его еду пилюли с ядом которые она хранила в своей сумочке когда она пошла забрать эти таблетки обнаружила что их нет на месте и что ее сын проглотил их приняв за конфеты не перенеся этого горя она покончила с собой,97,258,14,47
https://yesnogame.net/stories/155,155,Окно,"Женщина смотрит в окно и видит человека с ножом в руке. Но ее убивают до того, как она успевает вызвать полицию. Что произошло?","На самом деле она увидела отражение убийцы в стекле, он уже был внутри дома — позади нее.",78,6,3,easy,766,2018-03-04,"['детективные', 'про убийства', 'страшные']",женщина смотрит в окно и видит человека с ножом в руке но ее убивают до того как она успевает вызвать полицию что произошло,на самом деле она увидела отражение убийцы в стекле он уже был внутри дома позади нее,123,85,23,16
https://yesnogame.net/stories/156,156,"Кричи, детка, кричи",Синди убивают прямо в толпе людей. Но никто не слышит ее криков.,"Синди была в кинотеатре на фильме ужасов. Началась страшная сцена, и пока все зрители кричали, убийца - сидевший позади жертвы - и совершил преступление.",73,10,5,medium,609,2018-03-04,"['детективные', 'страшные', 'короткие', 'про убийства']",синди убивают прямо в толпе людей но никто не слышит ее криков,синди была в кинотеатре на фильме ужасов началась страшная сцена и пока все зрители кричали убийца - сидевший позади жертвы - и совершил преступление,62,149,12,24
https://yesnogame.net/stories/157,157,Сладких снов,Матвей продолжает читать историю перед сном своему сыну несмотря на отсутствие света.,"Матвей слеп и обычно читает на ночь своему сыну книжки с шрифтом Брайля. В ту ночь отключили электричество, но он продолжил читать рассказ.",77,6,3,easy,396,2018-03-04,"['для детей', 'короткие', 'на реальных событиях']",матвей продолжает читать историю перед сном своему сыну несмотря на отсутствие света,матвей слеп и обычно читает на ночь своему сыну книжки с шрифтом брайля в ту ночь отключили электричество но он продолжил читать рассказ,84,136,12,23
https://yesnogame.net/stories/158,158,Унесенные ветром,"Если бы ветер не дул так сильно той ночью, Анжела до сих пор была бы жива.","Поскольку было очень ветрено, Анжела решила запустить своего воздушного змея. В полумраке она не могла заметить вышку электропередач. Когда змей запутался в проводах, она попыталась распутать его - и ее убило электрическим током.",70,15,6,medium,316,2018-03-04,"['детективные', 'страшные', 'про убийства']",если бы ветер не дул так сильно той ночью анжела до сих пор была бы жива,поскольку было очень ветрено анжела решила запустить своего воздушного змея в полумраке она не могла заметить вышку электропередач когда змей запутался в проводах она попыталась распутать его - и ее убило электрическим током,72,224,16,33
https://yesnogame.net/stories/159,159,Соль,"Из-за курсантов военного училища во всех магазинах города, за одни сутки, скупили всю соль.","Курсантам дали задание – убрать весь снег на плацу. Так как убирать снег вручную им было лень, они решили посыпать его солью. Для этого купили по 10 пачек соли каждый. Когда бабушки в магазине увидели, что люди в военной форме запасаются солью, они решили, что грядет военное положение, и стали сеять панику и скупать соль.",79,12,5,medium,386,2018-03-04,['смешные'],из-за курсантов военного училища во всех магазинах города за одни сутки скупили всю соль,курсантам дали задание убрать весь снег на плацу так как убирать снег вручную им было лень они решили посыпать его солью для этого купили по 10 пачек соли каждый когда бабушки в магазине увидели что люди в военной форме запасаются солью они решили что грядет военное положение и стали сеять панику и скупать соль,88,312,14,54
https://yesnogame.net/stories/160,160,Прыжок,Человек выпрыгнул из самолета без парашюта. Но остался жив.,Самолет стоял на земле.,79,4,1,easy,1903,2018-03-04,"['для детей', 'детективные', 'короткие']",человек выпрыгнул из самолета без парашюта но остался жив,самолет стоял на земле,57,22,9,4
https://yesnogame.net/stories/161,161,Лифт,"Некий человек живет на девятом этаже. Но каждый раз, когда он возвращается домой один, он доезжает только до седьмого этажа и далее идет пешком.","Этот человек - карлик, и он достает только до кнопки седьмого этажа.",86,7,3,easy,3902,2018-03-04,"['смешные', 'для детей', 'короткие']",некий человек живет на девятом этаже но каждый раз когда он возвращается домой один он доезжает только до седьмого этажа и далее идет пешком,этот человек - карлик и он достает только до кнопки седьмого этажа,140,66,24,12
https://yesnogame.net/stories/162,162,Таксист,"Женщина просит водителя отвести ее домой. Всю дорогу болтает. Водитель говорит ей: «Прошу прощения, но я глухой и ничего не слышу из того, что вы говорите». Женщина смолкла, но затем, когда вышла из автомобиля, поняла, что шофер не был глух.","Шофер услышал адрес, куда отвезти пассажирку.",74,6,2,easy,490,2018-03-04,"['смешные', 'для детей']",женщина просит водителя отвести ее домой всю дорогу болтает водитель говорит ей прошу прощения но я глухой и ничего не слышу из того что вы говорите женщина смолкла но затем когда вышла из автомобиля поняла что шофер не был глух,шофер услышал адрес куда отвезти пассажирку,228,43,40,6
https://yesnogame.net/stories/163,163,Слуховой аппарат,"Американец Чарльз Сембри был разъярен, когда через 20 лет выяснил, что слышит без слухового аппарата лучше, чем с ним. Он отправился с претензиями к врачу, рекомендовавшему ношение аппарата, но врач разъярился не меньше Сембри.",Больной носил аппарат на здоровом ухе.,80,8,4,medium,269,2018-03-03,"['смешные', 'для детей']",американец чарльз сембри был разъярен когда через 20 лет выяснил что слышит без слухового аппарата лучше чем с ним он отправился с претензиями к врачу рекомендовавшему ношение аппарата но врач разъярился не меньше сембри,больной носил аппарат на здоровом ухе,220,37,34,6
https://yesnogame.net/stories/164,164,Убийство на улице,"Мужчина спокойно шел по улице, вдруг внезапно набросился на проходящую мимо женщину и задушил её. Он побывал в полиции, но его отпустили.","Женщина была его женой. Несколько лет назад она инсценировала свою смерть так, чтобы обвинили мужа. Его осудили за убийство, он уже отсидел срок в тюрьме. А за одно и то же убийство не могут посадить дважды.",85,17,7,hard,4856,2018-03-04,"['детективные', 'про убийства', 'страшные', 'для взрослых']",мужчина спокойно шел по улице вдруг внезапно набросился на проходящую мимо женщину и задушил её он побывал в полиции но его отпустили,женщина была его женой несколько лет назад она инсценировала свою смерть так чтобы обвинили мужа его осудили за убийство он уже отсидел срок в тюрьме а за одно и то же убийство не могут посадить дважды,133,201,22,36
https://yesnogame.net/stories/165,165,Без света,"Мужчина встал ночью, чтобы выпить воды. Он выключил везде свет и лег спать. Утром он встал, выглянул из окна и закричал. После чего покончил жизнь самоубийством.","Мужчина работал смотрителем. По ошибке он ночью выключил свет на маяке, из-за чего несколько кораблей разбились о рифы. Утром он увидел, что натворил.",83,13,6,medium,1731,2018-03-04,"['детективные', 'страшные']",мужчина встал ночью чтобы выпить воды он выключил везде свет и лег спать утром он встал выглянул из окна и закричал после чего покончил жизнь самоубийством,мужчина работал смотрителем по ошибке он ночью выключил свет на маяке из-за чего несколько кораблей разбились о рифы утром он увидел что натворил,155,145,26,23
https://yesnogame.net/stories/166,166,Экзамен,"Экзамен в военном училище. Один из студентов берет билет и начинает готовиться к ответу, но через несколько минут подходит к преподавателю, ни слова не говоря, дает тому зачетку и покидает экзамен с отличной оценкой.","Экзамен по азбуке Морзе. Преподаватель стучал ручкой по столу и дал сообщение, что любой может подойти сейчас и получить оценку.",87,12,6,medium,7097,2018-03-04,"['смешные', 'для детей', 'на реальных событиях']",экзамен в военном училище один из студентов берет билет и начинает готовиться к ответу но через несколько минут подходит к преподавателю ни слова не говоря дает тому зачетку и покидает экзамен с отличной оценкой,экзамен по азбуке морзе преподаватель стучал ручкой по столу и дал сообщение что любой может подойти сейчас и получить оценку,211,125,34,20
https://yesnogame.net/stories/167,167,Смерть в музее,"Мужчина в балаклаве выбежал из музея с картиной под мышкой. Офицер полиции увидел его, выстрелил и убил. Немного позднее он совершил самоубийство. Через пару дней мужчина с картиной был похоронен и назван почетным жителем города.","Холодным зимним днем, когда музей был закрыт, в нем случился пожар, и его директор пытался спасти самую ценную картину. Полицейский не заметил пожара и подумал, что вор выбежал из музея с украденной картиной. Он приказал ему остановиться, но директор был слишком глух. Когда офицер осознал, что натворил, то покончил с собой.",65,10,5,medium,305,2018-03-03,"['детективные', 'про убийства', 'страшные']",мужчина в балаклаве выбежал из музея с картиной под мышкой офицер полиции увидел его выстрелил и убил немного позднее он совершил самоубийство через пару дней мужчина с картиной был похоронен и назван почетным жителем города,холодным зимним днем когда музей был закрыт в нем случился пожар и его директор пытался спасти самую ценную картину полицейский не заметил пожара и подумал что вор выбежал из музея с украденной картиной он приказал ему остановиться но директор был слишком глух когда офицер осознал что натворил то покончил с собой,224,314,35,51
https://yesnogame.net/stories/168,168,Потерянный,"Джек отправился в путешествие с компасом. После долгого пути, он остановился, чтобы перекусить. Впоследствии он не смог вернуться.","Джек был ученым и работал недалеко от Северного Полюса. Когда он остановился, чтобы съесть бутерброд — он стоял точно на Магнитом полюсе планеты. Стрелка компаса в этой точке беспорядочно вращалась, пытаясь занять вертикальное положение, из-за чего компас стал бесполезен.",67,17,5,medium,118,2018-03-03,"['на реальных событиях', 'для детей']",джек отправился в путешествие с компасом после долгого пути он остановился чтобы перекусить впоследствии он не смог вернуться,джек был ученым и работал недалеко от северного полюса когда он остановился чтобы съесть бутерброд он стоял точно на магнитом полюсе планеты стрелка компаса в этой точке беспорядочно вращалась пытаясь занять вертикальное положение из-за чего компас стал бесполезен,125,264,18,38
https://yesnogame.net/stories/169,169,Я - счастливчик,Питер выиграл жребий и покончил с собой.,"Группа людей оказалась заснеженной вдали от цивилизации. Они решили кинуть жребий, чтобы выяснить, кто должен умереть, чтобы остальные съели его. Питер выиграл и должен был покончить с собой.",69,13,4,medium,167,2018-03-03,"['детективные', 'короткие', 'про убийства']",питер выиграл жребий и покончил с собой,группа людей оказалась заснеженной вдали от цивилизации они решили кинуть жребий чтобы выяснить кто должен умереть чтобы остальные съели его питер выиграл и должен был покончить с собой,39,185,7,28
https://yesnogame.net/stories/170,170,Я здесь!,В Николая попала пуля - и это спасло ему жизнь.,"Николай был солдатом на фронте. В этот день планировалась большая атака. Пока его однополчане не видели, он вытянул руку из окопа, и враг по ней выстрелил. После этого его отправили в госпиталь, где он был в безопасности.",70,15,5,medium,214,2018-03-03,"['на реальных событиях', 'детективные', 'короткие']",в николая попала пуля - и это спасло ему жизнь,николай был солдатом на фронте в этот день планировалась большая атака пока его однополчане не видели он вытянул руку из окопа и враг по ней выстрелил после этого его отправили в госпиталь где он был в безопасности,46,214,10,37
https://yesnogame.net/stories/171,171,Совсем не пустяк,"Антон не мог представить, что простой насморк может стать причиной его смерти.","В доме Антона произошла утечка газа, но из-за насморка он не учуял характерный запах. Умер он от взрыва, когда захотел приготовить себе поесть.",82,10,4,medium,526,2018-03-03,"['на реальных событиях', 'короткие', 'детективные']",антон не мог представить что простой насморк может стать причиной его смерти,в доме антона произошла утечка газа но из-за насморка он не учуял характерный запах умер он от взрыва когда захотел приготовить себе поесть,76,139,12,23
https://yesnogame.net/stories/172,172,Перестарался,"Продавец переусердствовал, продавая товар, и в результате умер.","Он продавал пуленепробиваемые жилеты. Один раз, чтобы показать качество своего продукта, он надел на себя жилет и настоял, чтобы клиент выстрелил в него. Клиент согласился, однако промахнулся и попал продавцу в голову.",85,10,5,medium,1800,2018-03-03,"['на реальных событиях', 'детективные', 'короткие', 'про убийства', 'страшные']",продавец переусердствовал продавая товар и в результате умер,он продавал пуленепробиваемые жилеты один раз чтобы показать качество своего продукта он надел на себя жилет и настоял чтобы клиент выстрелил в него клиент согласился однако промахнулся и попал продавцу в голову,60,211,8,32
https://yesnogame.net/stories/173,173,Братоубийство,Человек убивает своего брата перед толпой людей. Но никто не сообщает об этом в полицию.,"Этот человек работал палачом, а его брат был приговорен к смертной казни.",75,8,3,easy,753,2018-03-03,"['детективные', 'короткие', 'про убийства', 'страшные']",человек убивает своего брата перед толпой людей но никто не сообщает об этом в полицию,этот человек работал палачом а его брат был приговорен к смертной казни,86,71,15,12
https://yesnogame.net/stories/174,174,Работник месяца,"Фрэнк на работе умирает от сердечного приступа. Его коллеги находятся рядом с ним в этот момент, однако не оказывают ему помощь.","Фрэнк был актером театра и перенес сердечный приступ в середине спектакля. Суть в том, что он играл героя, у которого был сердечный приступ. Поэтому и его коллеги, и зрители просто подумали, что Фрэнк отличный актер.",85,7,3,easy,1321,2018-03-03,"['детективные', 'короткие', 'для детей']",фрэнк на работе умирает от сердечного приступа его коллеги находятся рядом с ним в этот момент однако не оказывают ему помощь,фрэнк был актером театра и перенес сердечный приступ в середине спектакля суть в том что он играл героя у которого был сердечный приступ поэтому и его коллеги и зрители просто подумали что фрэнк отличный актер,125,209,21,35
https://yesnogame.net/stories/175,175,Закрытая сумка,Человек найден мертвым в поле. Рядом с ним лежала неоткрытая сумка.,"Мужчина прыгал с парашютом, но он не раскрылся. Сумка, найденная рядом с ним - и есть парашют.",76,6,3,easy,280,2018-03-03,"['на реальных событиях', 'детективные', 'короткие', 'про убийства', 'страшные']",человек найден мертвым в поле рядом с ним лежала неоткрытая сумка,мужчина прыгал с парашютом но он не раскрылся сумка найденная рядом с ним - и есть парашют,65,90,11,17
https://yesnogame.net/stories/176,176,Одета насмерть,Женщина заканчивает одеваться и умирает.,"Внутри ее обуви был ядовитый паук. Когда женщина стала обуваться, паук укусил ее.",71,12,4,medium,196,2018-03-04,"['детективные', 'короткие', 'про убийства', 'страшные']",женщина заканчивает одеваться и умирает,внутри ее обуви был ядовитый паук когда женщина стала обуваться паук укусил ее,39,78,5,13
https://yesnogame.net/stories/177,177,Птичка,"Человек, изучающий птиц, наткнулся на птицу и вскоре после этого умер.","Этот человек был пассажиром в самолете. Птичка влетела в двигатель, и самолет разбился.",77,8,4,medium,279,2018-03-03,"['детективные', 'короткие', 'про убийства', 'страшные']",человек изучающий птиц наткнулся на птицу и вскоре после этого умер,этот человек был пассажиром в самолете птичка влетела в двигатель и самолет разбился,67,84,11,13
https://yesnogame.net/stories/178,178,Смертельный танец,Пара танцоров умерла во время танцевального соревнования.,"Во время исполнения танго другая пара, очень жаждущая победить, отравила розу, которую партнеры передавали друг другу по ходу танца. Отравленная роза убила первую пару, и вторая выиграла соревнование.",76,12,5,medium,269,2018-03-17,"['детективные', 'короткие', 'про убийства', 'страшные']",пара танцоров умерла во время танцевального соревнования,во время исполнения танго другая пара очень жаждущая победить отравила розу которую партнеры передавали друг другу по ходу танца отравленная роза убила первую пару и вторая выиграла соревнование,56,194,7,28
https://yesnogame.net/stories/179,179,Попугай,"Женщина идет в зоомагазин, чтобы купить попугая. Продавец предлагает ей одного, рассказывая, что это отличный попугай и что он может повторить всё, что услышит. Несколько дней спустя женщина, чувствуя себя обманутой, идет в магазин обратно, чтобы вернуть деньги. Однако возвращается домой с попугаем и без денег.","Попугай был глухим. Он ничего не мог повторить, поскольку ничего не слышал. Однако продавец не возвратил деньги женщине, потому что он не солгал ей.",72,10,4,medium,281,2018-03-17,"['смешные', 'для детей']",женщина идет в зоомагазин чтобы купить попугая продавец предлагает ей одного рассказывая что это отличный попугай и что он может повторить всё что услышит несколько дней спустя женщина чувствуя себя обманутой идет в магазин обратно чтобы вернуть деньги однако возвращается домой с попугаем и без денег,попугай был глухим он ничего не мог повторить поскольку ничего не слышал однако продавец не возвратил деньги женщине потому что он не солгал ей,301,143,46,24
https://yesnogame.net/stories/180,180,Смерть за рулем,На переднем сидении машины была найдена мертвая женщина. На заднем сидении лежал пистолет вне ее досягаемости. Все окна и двери были закрыты изнутри.,"Женщина сидела в машине с откидным верхом, который был опущен. Убийца застрелил ее и бросил пистолет на заднее сидение машины.",67,9,4,medium,139,2018-03-17,"['детективные', 'про убийства']",на переднем сидении машины была найдена мертвая женщина на заднем сидении лежал пистолет вне ее досягаемости все окна и двери были закрыты изнутри,женщина сидела в машине с откидным верхом который был опущен убийца застрелил ее и бросил пистолет на заднее сидение машины,146,123,23,20
https://yesnogame.net/stories/181,181,Огонь!,"Джеймс отправился плавать. Кто же знал, что в результате он будет поджарен с корочкой?","В лесу рядом с водоемом был пожар. Пожарный самолет взял из озера воду, чтобы сбросить на огонь. Вместе с водой был подобран и сброшен и наш друг Джеймс.Данный мотив был использован Г. Мулишем в романе «Элементы».",82,14,6,medium,666,2018-03-17,"['детективные', 'про убийства', 'страшные']",джеймс отправился плавать кто же знал что в результате он будет поджарен с корочкой,в лесу рядом с водоемом был пожар пожарный самолет взял из озера воду чтобы сбросить на огонь вместе с водой был подобран и сброшен и наш друг джеймс данный мотив был использован г мулишем в романе элементы,83,206,14,37
https://yesnogame.net/stories/182,182,Смерть: отложено,"Елена никогда не могла подумать, что ее решение отправиться в путешествие на самолете спасет ей жизнь.","За несколько дней до этого Елену оперировали. Перед посадкой в самолет ей, как и всем пассажирам, пришлось пройти через металлоискатель. Однако он не пропускал ее, хотя она убрала из карманов всё, что у нее было. После рентгенологического обследования выяснилось, что врачи забыли скальпель внутри ее тела. Если бы Елена не обнаружила его вовремя, она бы безусловно умерла.",85,15,6,medium,1663,2018-03-17,"['детективные', 'страшные']",елена никогда не могла подумать что ее решение отправиться в путешествие на самолете спасет ей жизнь,за несколько дней до этого елену оперировали перед посадкой в самолет ей как и всем пассажирам пришлось пройти через металлоискатель однако он не пропускал ее хотя она убрала из карманов всё что у нее было после рентгенологического обследования выяснилось что врачи забыли скальпель внутри ее тела если бы елена не обнаружила его вовремя она бы безусловно умерла,100,362,16,57
https://yesnogame.net/stories/183,183,Смертельные туфли,Женщина купила новую пару красных туфель. На следующий день она умерла во время работы. Как это произошло?,"Женщина работала в цирке в качестве помощника метателя ножей. Ее новые туфли были немного выше, чем предыдущие, поэтому ее коллега, обычно бросавшая ножи на одном уровне, смертельно ранила ее.",85,14,6,medium,2928,2018-03-17,"['детективные', 'про убийства', 'страшные']",женщина купила новую пару красных туфель на следующий день она умерла во время работы как это произошло,женщина работала в цирке в качестве помощника метателя ножей ее новые туфли были немного выше чем предыдущие поэтому ее коллега обычно бросавшая ножи на одном уровне смертельно ранила ее,103,186,17,29
https://yesnogame.net/stories/184,184,Лучший день в ее жизни,"Она подумала, что это лучший день в ее жизни, перед тем как умерла.","В конце театральной пьесы появилась главная актриса, и публика начала аплодировать. В это время декорация на стене начала рушиться. Зрители поднялись со своих мест, крича и пытаясь предупредить актрису, но она подумала, что это были овации. Ее завалило разрушившимися декорациями.",80,16,6,medium,364,2018-03-17,"['детективные', 'про убийства']",она подумала что это лучший день в ее жизни перед тем как умерла,в конце театральной пьесы появилась главная актриса и публика начала аплодировать в это время декорация на стене начала рушиться зрители поднялись со своих мест крича и пытаясь предупредить актрису но она подумала что это были овации ее завалило разрушившимися декорациями,64,272,13,40
https://yesnogame.net/stories/185,185,Антоний и Клеопатра,"Антоний и Клеопатра найдены мертвыми на полу, окруженные разбитым стеклом.","Это были золотые рыбки, которые плавали в небольшом аквариуме. Однажды кошка прокралась в комнату и нечаянно уронила аквариум, который разбился.",83,9,4,medium,490,2018-03-17,"['детективные', 'про убийства', 'страшные', 'для детей']",антоний и клеопатра найдены мертвыми на полу окруженные разбитым стеклом,это были золотые рыбки которые плавали в небольшом аквариуме однажды кошка прокралась в комнату и нечаянно уронила аквариум который разбился,72,140,10,20
https://yesnogame.net/stories/186,186,Потерянное сокровище,"Билл спрятал сокровище, но когда захотел его найти, он не смог.","Билл закопал сокровище, когда ему было 8 лет. Он написал записку, в которой говорилось, сколько шагов он должен сделать, чтобы найти свой клад. Но теперь он вырос, его шаг стал намного длиннее, поэтому он так и не смог отыскать сокровище.",82,12,5,medium,649,2018-03-17,"['смешные', 'для детей']",билл спрятал сокровище но когда захотел его найти он не смог,билл закопал сокровище когда ему было 8 лет он написал записку в которой говорилось сколько шагов он должен сделать чтобы найти свой клад но теперь он вырос его шаг стал намного длиннее поэтому он так и не смог отыскать сокровище,60,229,11,40
https://yesnogame.net/stories/187,187,Таинственный звонок,"Человек лежит в постели, пытаясь заснуть. Он берет телефон и делает звонок. Ждет какое-то время и вешает трубку, не дожидаясь ответа. И спокойно засыпает.","Сосед этого мужчины храпел, и он решил разбудить его, позвонив по телефону. Как только храп остановился, мужчина повесил трубку и заснул.",86,11,5,medium,3456,2018-03-17,"['смешные', 'для детей', 'страшные']",человек лежит в постели пытаясь заснуть он берет телефон и делает звонок ждет какое-то время и вешает трубку не дожидаясь ответа и спокойно засыпает,сосед этого мужчины храпел и он решил разбудить его позвонив по телефону как только храп остановился мужчина повесил трубку и заснул,148,132,24,21
https://yesnogame.net/stories/188,188,Голодать до смерти,"Женщина умирает от голода, хотя она окружена пищей.","Женщина держала свой магазин с консервами в небольшом городке. Как-то вечером она закрыла магазин и решила проверить погреб, где лежали все запасы консерв на будущее. К несчастью дверцу погреба заклинило, когда женщина была внутри него.Никто не подозревал о беде, все думали, что она просто уехала в отпуск.Вся еда была консервированной и у неё не получилось открыть банки. В итоге она умерла от голода.",60,17,6,medium,421,2018-03-17,"['детективные', 'страшные']",женщина умирает от голода хотя она окружена пищей,женщина держала свой магазин с консервами в небольшом городке как-то вечером она закрыла магазин и решила проверить погреб где лежали все запасы консерв на будущее к несчастью дверцу погреба заклинило когда женщина была внутри него никто не подозревал о беде все думали что она просто уехала в отпуск вся еда была консервированной и у неё не получилось открыть банки в итоге она умерла от голода,49,395,8,65
https://yesnogame.net/stories/189,189,Хороший план,После тщательного планирования пять человек ворвались в дом и взяли из него тысячи долларов наличными. Владелец дома является единственным арестованным. Как так получилось?,"Эти пять человек были полицейскими, и у них был ордер на арест, чтобы войти в дом преступника и изъять все его деньги. Они совершили эту операцию, а после арестовали владельца дома.",74,5,3,easy,253,2018-03-17,"['детективные', 'для детей']",после тщательного планирования пять человек ворвались в дом и взяли из него тысячи долларов наличными владелец дома является единственным арестованным как так получилось,эти пять человек были полицейскими и у них был ордер на арест чтобы войти в дом преступника и изъять все его деньги они совершили эту операцию а после арестовали владельца дома,169,176,23,31
https://yesnogame.net/stories/190,190,Неожиданный конец,"Экзотическая танцовщица отправляется на частную сессию с мужчиной. В комнате, где проходила сессия, она снимает рубашку и бюстгальтер. Мужчина подходит, смотрит на грудь и улыбается. Вскоре после этого она одевается, платит человеку и уходит.","За несколько дней до этого женщина провела операцию по увеличению груди. Она назначила встречу со своим частным врачом, чтобы проверить результат операции. Человек увидел, что всё идеально и его работа выполнена хорошо. В итоге женщина оплатила счет и покинула клинику.",66,7,3,easy,878,2018-03-17,"['смешные', 'для взрослых', 'пошлые']",экзотическая танцовщица отправляется на частную сессию с мужчиной в комнате где проходила сессия она снимает рубашку и бюстгальтер мужчина подходит смотрит на грудь и улыбается вскоре после этого она одевается платит человеку и уходит,за несколько дней до этого женщина провела операцию по увеличению груди она назначила встречу со своим частным врачом чтобы проверить результат операции человек увидел что всё идеально и его работа выполнена хорошо в итоге женщина оплатила счет и покинула клинику,234,263,34,40
https://yesnogame.net/stories/191,191,Утонувший,"После того, как Джордж попытался обнять человека, он утонул.","Джордж находился под влиянием алкоголя и увидел свое отражение в реке. Из-за действия алкоголя он подумал, что неплохо было бы обнять ""незнакомца"". В результате он упал в реку и утонул.",78,12,5,medium,402,2018-03-17,"['смешные', 'детективные', 'короткие', 'страшные']",после того как джордж попытался обнять человека он утонул,джордж находился под влиянием алкоголя и увидел свое отражение в реке из-за действия алкоголя он подумал что неплохо было бы обнять незнакомца в результате он упал в реку и утонул,57,179,9,30
https://yesnogame.net/stories/192,192,Черная кошка,"По улице шла черная кошка - фонари не работали. Навстречу ей ехал автомобиль, у которого не работали фары. Однако кошка осталась целой и невредимой.","Автомобиль объехал кошку, потому что было светло.",85,5,2,easy,1400,2018-03-17,"['смешные', 'для детей']",по улице шла черная кошка - фонари не работали навстречу ей ехал автомобиль у которого не работали фары однако кошка осталась целой и невредимой,автомобиль объехал кошку потому что было светло,144,47,24,7
https://yesnogame.net/stories/193,193,Нераскрытое преступление,"Лиза заснула, когда почти поняла, кто убил Майкла. Когда она проснулась, то осознала, что больше не узнает этого.","Лиза читала книгу на пляже. Главного героя, Майкла, убили, и она вот-вот должна была узнать, кто это сделал. Но она заснула, оставив книгу на песке. Когда пробудилась, то поняла, что прилив унес книгу в море.",76,14,4,medium,175,2018-03-17,"['смешные', 'детективные', 'про убийства', 'страшные']",лиза заснула когда почти поняла кто убил майкла когда она проснулась то осознала что больше не узнает этого,лиза читала книгу на пляже главного героя майкла убили и она вот-вот должна была узнать кто это сделал но она заснула оставив книгу на песке когда пробудилась то поняла что прилив унес книгу в море,107,197,18,35
https://yesnogame.net/stories/194,194,Смертельно опасные ножницы,Женщину обнаружили мертвой в больнице. Орудие убийства - ножницы. Но на теле не нашли порезов и ран.,"Состояние женщины было критическим, и врачи подключили ее к аппарату искусственного жизнеобеспечения. Убийца просто перерезал провода аппарата.",76,7,3,easy,210,2018-03-17,"['детективные', 'про убийства', 'страшные', 'короткие']",женщину обнаружили мертвой в больнице орудие убийства - ножницы но на теле не нашли порезов и ран,состояние женщины было критическим и врачи подключили ее к аппарату искусственного жизнеобеспечения убийца просто перерезал провода аппарата,97,140,17,17
https://yesnogame.net/stories/195,195,Библиотека,"Женщина зашла в библиотеку, достала книгу и заплакала.","Женщина была писателем и подарила библиотеке одну из своих книг. Между страницами книги она оставила подарок первому читателю - купюру в 50 долларов. Через год она пришла в библиотеку, достала книгу и нашла в ней купюру. Она заплакала, потому что поняла, что никто не прочитал ее книгу.",85,12,6,medium,3889,2018-03-17,"['детективные', 'для детей']",женщина зашла в библиотеку достала книгу и заплакала,женщина была писателем и подарила библиотеке одну из своих книг между страницами книги она оставила подарок первому читателю - купюру в 50 долларов через год она пришла в библиотеку достала книгу и нашла в ней купюру она заплакала потому что поняла что никто не прочитал ее книгу,52,279,8,47
https://yesnogame.net/stories/196,196,Детектив,"Женщина задавала вопросы своему приятелю-полицейскому, чтобы узнать больше о загадочном убийстве. Через несколько минуть полицейский с удивлением понял, что она распутала это дело.","Это была подруга полицейского. Он считал её глуповатой, но предложил поиграть в данетки и рассказал историю про труп со спичкой посреди поля. Она справилась всего за несколько минут и полицейский очень удивился, потому что в прошлом сам не смог её разгадать и за полчаса.",47,24,6,medium,337,2018-03-17,"['смешные', 'детективные']",женщина задавала вопросы своему приятелю-полицейскому чтобы узнать больше о загадочном убийстве через несколько минуть полицейский с удивлением понял что она распутала это дело,это была подруга полицейского он считал её глуповатой но предложил поиграть в данетки и рассказал историю про труп со спичкой посреди поля она справилась всего за несколько минут и полицейский очень удивился потому что в прошлом сам не смог её разгадать и за полчаса,176,266,23,44
https://yesnogame.net/stories/197,197,Это же моя тачка!,"Какой-то мужчина громил роскошную машину, принадлежащую Сергею. Владелец автомобиля спокойно наблюдал за всем происходящим и даже не пытался помешать негодяю.","Сергей и его друг заключили пари, согласно которому победитель мог разгромить машину проигравшего. Проиграл Сергей.",64,16,4,medium,208,2018-03-17,"['смешные', 'детективные', 'страшные']",какой-то мужчина громил роскошную машину принадлежащую сергею владелец автомобиля спокойно наблюдал за всем происходящим и даже не пытался помешать негодяю,сергей и его друг заключили пари согласно которому победитель мог разгромить машину проигравшего проиграл сергей,155,112,20,15
https://yesnogame.net/stories/198,198,Чужие среди своих,Голые люди сидят среди одетых в помещении. Что происходит?,"Семейная пара как-то отдыхала в лесу. И вот она решила уединиться в палатке. Одежда при этом осталась снаружи, и её утащили обезьяны. Страховщикам надолго запомнилась эта парочка, ведь она ещё и пришла к ним за компенсацией.",49,27,7,hard,715,2018-04-16,"['для взрослых', 'пошлые']",голые люди сидят среди одетых в помещении что происходит,семейная пара как-то отдыхала в лесу и вот она решила уединиться в палатке одежда при этом осталась снаружи и её утащили обезьяны страховщикам надолго запомнилась эта парочка ведь она ещё и пришла к ним за компенсацией,56,218,9,36
https://yesnogame.net/stories/199,199,Напрасные надежды,"Пассажиры ожидали увидеть пикантную сцену, но их ожидания не оправдались.","Маршрутка. Мальчик спрашивает маму:- Это ещё девочка?- Да, - отвечает мама.- Упс! Уже не девочка! - Весело констатирует малыш.Вся мужская половина маршрутки бросается к окну смотреть, что же случилось. Поняв, в истерике валятся на пол. Маршрутка проезжала населенный пункт с названием ""Девочка"" (находится в Воронежской области).",37,32,8,hard,728,2018-04-16,"['для взрослых', 'на реальных событиях', 'пошлые']",пассажиры ожидали увидеть пикантную сцену но их ожидания не оправдались,маршрутка мальчик спрашивает маму - это ещё девочка - да - отвечает мама - упс уже не девочка - весело констатирует малыш вся мужская половина маршрутки бросается к окну смотреть что же случилось поняв в истерике валятся на пол маршрутка проезжала населенный пункт с названием девочка находится в воронежской области,71,316,10,50
https://yesnogame.net/stories/200,200,Внезапная слава,Он лежал несколько часов и прославился. Кто это?,Менделеев. Он во сне увидел свою знаменитую таблицу.,72,7,4,medium,252,2018-04-16,"['на реальных событиях', 'исторические', 'короткие']",он лежал несколько часов и прославился кто это,менделеев он во сне увидел свою знаменитую таблицу,46,50,8,8
https://yesnogame.net/stories/201,201,Любимое место,"Джону по многим причинам нравилось приходить сюда. А вот его жена Мэри терпеть не могла это место, как и другие женщины в городе. Почему?","Это данетка о реальном географическом объекте. В Стокгольме сохранилась узкая улочка, не больше метра шириной, которая ведет к питейному заведению. В XVIII веке оно пользовалось большой популярностью, так как пьяницы, выходя, могли идти вдоль улицы, держась за стены. А вот их жены не могли попасть на эту улочку, потому что их платья с кринолинами застревали между стенами.",79,21,7,hard,355,2018-04-16,"['на реальных событиях', 'исторические']",джону по многим причинам нравилось приходить сюда а вот его жена мэри терпеть не могла это место как и другие женщины в городе почему,это данетка о реальном географическом объекте в стокгольме сохранилась узкая улочка не больше метра шириной которая ведет к питейному заведению в веке оно пользовалось большой популярностью так как пьяницы выходя могли идти вдоль улицы держась за стены а вот их жены не могли попасть на эту улочку потому что их платья с кринолинами застревали между стенами,133,357,24,56
https://yesnogame.net/stories/202,202,Награда за опоздание,Джордж опоздал на пару по математике и неверно понял преподавателя. Из-за этого он получил премию и признание! Что произошло?,"Американский математик Джордж Данциг однажды сильно опоздал на пару и, увидев задачи на доске, решил, что это задание на дом. Он решал их несколько дней и в итоге нашел ответы. Как выяснилось, он нашел ключ к двум «нерешаемым» задачам, над которыми бились многие ученые.",83,15,6,medium,558,2018-04-16,"['на реальных событиях', 'исторические']",джордж опоздал на пару по математике и неверно понял преподавателя из-за этого он получил премию и признание что произошло,американский математик джордж данциг однажды сильно опоздал на пару и увидев задачи на доске решил что это задание на дом он решал их несколько дней и в итоге нашел ответы как выяснилось он нашел ключ к двум нерешаемым задачам над которыми бились многие ученые,122,260,19,44
https://yesnogame.net/stories/203,203,Ответный ход,"Помещики часто задерживали оплату людям, строившим и ремонтировавшим дома, а то и вовсе выгоняли их без денег. Тогда строители придумали оригинальный ход, и помещики сразу начали выплачивать им сполна. Что они сделали?","При закладке дома или при его ремонте они подкладывали в определенное место сырое яйцо, и через некоторое время оно начинало протухать. Если помещик вызывал мастеров, чтобы оплатить их работу, то они забирали яйцо. Если же он прогонял их, яйцо со временем начинало ужасно пахнуть, и было очень трудно найти, где оно спрятано.",81,11,5,medium,201,2018-04-16,"['на реальных событиях', 'исторические', 'страшные']",помещики часто задерживали оплату людям строившим и ремонтировавшим дома а то и вовсе выгоняли их без денег тогда строители придумали оригинальный ход и помещики сразу начали выплачивать им сполна что они сделали,при закладке дома или при его ремонте они подкладывали в определенное место сырое яйцо и через некоторое время оно начинало протухать если помещик вызывал мастеров чтобы оплатить их работу то они забирали яйцо если же он прогонял их яйцо со временем начинало ужасно пахнуть и было очень трудно найти где оно спрятано,212,316,32,52
https://yesnogame.net/stories/204,204,Хитрый художник,"Один художник взял заказ на портрет очень некрасивой и надменной женщины. Все отговаривали его, утверждая, что она все равно не заплатит ни копейки, ведь портрет выйдет плохим. Так и вышло. Но через два дня женщина вернулась и стала умолять художника продать ей портрет. Почему?","Художник отправил портрет на выставку под названием «Скупердяйка». Все начали сплетничать, и женщине пришлось уговаривать художника убрать портрет с выставки.",77,11,4,medium,158,2018-04-16,"['на реальных событиях', 'исторические']",один художник взял заказ на портрет очень некрасивой и надменной женщины все отговаривали его утверждая что она все равно не заплатит ни копейки ведь портрет выйдет плохим так и вышло но через два дня женщина вернулась и стала умолять художника продать ей портрет почему,художник отправил портрет на выставку под названием скупердяйка все начали сплетничать и женщине пришлось уговаривать художника убрать портрет с выставки,270,153,44,20
https://yesnogame.net/stories/205,205,Электричка на окраине Токио,"Без пяти минут полночь я сел на электричку на окраине Токио. В вагоне были только я и еще несколько людей, когда в него вошел какой-то человек. Он оглядел вагон и, как только двери закрылись, его лицо исказилось от ужаса.Он подошел к какой-то девушке.– Простите, мэм, вам 28 лет?– Да! – ответила она, – Как вы угадали?Он проигнорировал её вопрос и перешел к сидящему рядом мужчине.– А вам… вам 45?– Да, точно!Он посмотрел на меня.– А вам 35.– Правильно, но откуда вы знаете?– А вам, мисс, вам 50?– Да, точно, но завтра будет 51…точнее уже через 5 минут.Когда она сказала это, лицо мужчины стало бледным как полотно. Почему?","Подсказки для отгадывающих.1. У человека есть особый дар.2. Он Может видеть, в каком возрасте человек умрет.Ответ:Мужчина, обладавший даром предвидения, мог видеть сколько лет проживут окружающие. Он понял, что менее чем через 5 минут электричка потерпит крушение, и все пассажиры погибнут.Больше мистики: кто рассказывает историю, если тот, от чьего имени ведется повествование, тоже погиб в свои 35?",71,14,5,medium,215,2019-07-20,"['страшные', 'японские']",без пяти минут полночь я сел на электричку на окраине токио в вагоне были только я и еще несколько людей когда в него вошел какой-то человек он оглядел вагон и как только двери закрылись его лицо исказилось от ужаса он подошел к какой-то девушке простите мэм вам 28 лет да ответила она как вы угадали он проигнорировал её вопрос и перешел к сидящему рядом мужчине а вам вам 45 да точно он посмотрел на меня а вам 35 правильно но откуда вы знаете а вам мисс вам 50 да точно но завтра будет 51 точнее уже через 5 минут когда она сказала это лицо мужчины стало бледным как полотно почему,подсказки для отгадывающих 1 у человека есть особый дар 2 он может видеть в каком возрасте человек умрет ответ мужчина обладавший даром предвидения мог видеть сколько лет проживут окружающие он понял что менее чем через 5 минут электричка потерпит крушение и все пассажиры погибнут больше мистики кто рассказывает историю если тот от чьего имени ведется повествование тоже погиб в свои 35,584,388,110,61
https://yesnogame.net/stories/206,206,Сын экстрасенс,"Тяжело быть матерью. Недавно я узнала, что мой сын экстрасенс. У него была привычка иногда указывать пальцем на лица людей. Мы с мужем скоро поняли, что когда он указывает на кого-то, это означает, что тот человек умрет через три дня. В прошлый раз он указал на своего дедушку и через три дня тот умер от сердечного приступа. Через несколько месяцев он указал на известную актрису в журнале. Три дня спустя она погибла в аварии. Сегодня, когда я включила телевизор, мой сын указывал на экран. По телевизору выступал президент. Трудно поверить, что он умрет, но мой сын никогда не ошибается.Но в итоге мать ошиблась. В чем же?","Женщина ещё не успела включить телевизор, когда сын приготовился к очередному предсказанию. Значит, он указал не на изображение президента, а на её отражение в экране. Следовательно, рассказчица через три дня должна умереть.(По другой допустимой версии, должен умереть сам экстрасенс, указавший на собственное отражение.)",67,9,3,easy,161,2019-08-10,['японские'],тяжело быть матерью недавно я узнала что мой сын экстрасенс у него была привычка иногда указывать пальцем на лица людей мы с мужем скоро поняли что когда он указывает на кого-то это означает что тот человек умрет через три дня в прошлый раз он указал на своего дедушку и через три дня тот умер от сердечного приступа через несколько месяцев он указал на известную актрису в журнале три дня спустя она погибла в аварии сегодня когда я включила телевизор мой сын указывал на экран по телевизору выступал президент трудно поверить что он умрет но мой сын никогда не ошибается но в итоге мать ошиблась в чем же,женщина ещё не успела включить телевизор когда сын приготовился к очередному предсказанию значит он указал не на изображение президента а на её отражение в экране следовательно рассказчица через три дня должна умереть по другой допустимой версии должен умереть сам экстрасенс указавший на собственное отражение,606,310,107,44
https://yesnogame.net/stories/207,207,Колодец для трупов,"Однажды нытьё моей младшей сестры меня достало и я убил её, а тело выбросил в колодец. На следующий день тело исчезло.Несколько лет спустя я поссорился с другом из-за какой-то ерунды и решил тоже убить его и бросить в колодец. На следующий день тело исчезло.Позже я случайно по пьяни обрюхатил одну девушку. Я убил её и сбросил в тот же колодец. На следующий день её тело исчезло, как и все другие.10 лет спустя меня задолбал мой босс, я убил его и избавился от тела в том же колодце. Через день его тело исчезло.Вскоре после того моей маме нужно было в дом престарелых, но у меня не было на это денег, так что я убил её и выбросил в колодец. На следующий день тело по-прежнему было там. Почему?","Мама главного героя куда-то утаскивала трупы из колодца. Свой труп, понятное дело, утащить она не могла.",59,6,2,easy,918,2019-08-09,"['для взрослых', 'японские', 'про убийства', 'страшные']",однажды нытьё моей младшей сестры меня достало и я убил её а тело выбросил в колодец на следующий день тело исчезло несколько лет спустя я поссорился с другом из-за какой-то ерунды и решил тоже убить его и бросить в колодец на следующий день тело исчезло позже я случайно по пьяни обрюхатил одну девушку я убил её и сбросил в тот же колодец на следующий день её тело исчезло как и все другие 10 лет спустя меня задолбал мой босс я убил его и избавился от тела в том же колодце через день его тело исчезло вскоре после того моей маме нужно было в дом престарелых но у меня не было на это денег так что я убил её и выбросил в колодец на следующий день тело по-прежнему было там почему,мама главного героя куда-то утаскивала трупы из колодца свой труп понятное дело утащить она не могла,682,100,130,16
https://yesnogame.net/stories/208,208,Исчезновение родителей,"Одна маленькая девочка горько плакала в сарае. Сквозь слезы она заметила старую лампу, лежащую посреди прочего хлама. Она взяла ее в руки и стерла пыль.Внезапно появился джинн и сказал:- Я исполню одно твое желание. Но только одно, поэтому подумай хорошенько.- Пожалуйста, сделай так, чтобы мои родители исчезли! - сказала девочка сквозь слезы, - Я их ненавижу!- Будет сделано, - ответил джинн, - Отправляйся в постель, а утром твое желание будет исполнено.На следующее утро девочка проснулась и спустилась на кухню. Она обнаружила, что её мама с папой сидят за кухонным столом и завтракают. Девочка немедленно пожалела о своем желании. Она бросилась в сарай и начала тереть лампу.Джинн появился и сказал:- Ну что, теперь ты счастлива?- Пожалуйста, отмени желание, которое я вчера загадала, - с мольбой сказала девочка.- Прости, - ответил джинн, - Но как только желание загадано, я не могу его отменить.И девочка горько заплакала. Почему?","Девочка поняла, что жила у приёмных родителей, и в результате выполнения её желания исчезли её настоящие родители, где-то в другом месте.",69,7,3,easy,167,2019-08-10,['японские'],одна маленькая девочка горько плакала в сарае сквозь слезы она заметила старую лампу лежащую посреди прочего хлама она взяла ее в руки и стерла пыль внезапно появился джинн и сказал - я исполню одно твое желание но только одно поэтому подумай хорошенько - пожалуйста сделай так чтобы мои родители исчезли - сказала девочка сквозь слезы - я их ненавижу - будет сделано - ответил джинн - отправляйся в постель а утром твое желание будет исполнено на следующее утро девочка проснулась и спустилась на кухню она обнаружила что её мама с папой сидят за кухонным столом и завтракают девочка немедленно пожалела о своем желании она бросилась в сарай и начала тереть лампу джинн появился и сказал - ну что теперь ты счастлива - пожалуйста отмени желание которое я вчера загадала - с мольбой сказала девочка - прости - ответил джинн - но как только желание загадано я не могу его отменить и девочка горько заплакала почему,девочка поняла что жила у приёмных родителей и в результате выполнения её желания исчезли её настоящие родители где-то в другом месте,913,133,155,21
https://yesnogame.net/stories/209,209,Грустный рассказ,"Сегодня я снова ехал в поезде, когда передо мной возникла какая-то женщина. Я даже не запомнил её лица. Так грустно.Объясните, почему рассказчику грустно.","Эту историю рассказал машинист поезда, сбившего внезапно выскочившую на пути женщину.",80,6,3,easy,305,2019-08-10,"['японские', 'страшные']",сегодня я снова ехал в поезде когда передо мной возникла какая-то женщина я даже не запомнил её лица так грустно объясните почему рассказчику грустно,эту историю рассказал машинист поезда сбившего внезапно выскочившую на пути женщину,149,83,24,11
https://yesnogame.net/stories/210,210,Не та рука,"Человек получает посылку, в которой лежит отрубленная рука и записка «это не та рука». Что произошло?","Несколько лет назад человек потерпел кораблекрушение и оказался на необитаемом острове с другим бедолагой. Они договорились, что поочередно отрежут каждому левую руку и съедят её на двоих. До этого человека очередь не дошла — их спасли, но по условиям договора он должен был отрезать себе руку по возвращению и выслать в посылке парню, рука которого была съедена. Человек пытался схитрить и выслать чужую руку. Но его обман был раскрыт.",76,25,8,hard,737,2019-08-05,"['страшные', 'детективные']",человек получает посылку в которой лежит отрубленная рука и записка это не та рука что произошло,несколько лет назад человек потерпел кораблекрушение и оказался на необитаемом острове с другим бедолагой они договорились что поочередно отрежут каждому левую руку и съедят её на двоих до этого человека очередь не дошла их спасли но по условиям договора он должен был отрезать себе руку по возвращению и выслать в посылке парню рука которого была съедена человек пытался схитрить и выслать чужую руку но его обман был раскрыт,96,426,16,68
https://yesnogame.net/stories/211,211,Зеленая помада,Каждый день он красит губы зеленой помадой. Но этого почти никто не замечает.,"В 20-м веке, когда телевидение было еще черно-белым, в камерах использовали красные фильтры, которые поглощали в изображении красный цвет, т.е. красная помада никак не оттеняла губы. Поэтому дикторам на телевидении при наведении макияжа, для выразительности, губы приходилось красить зеленой помадой.",85,11,6,medium,804,2019-08-25,"['на реальных событиях', 'исторические']",каждый день он красит губы зеленой помадой но этого почти никто не замечает,в 20-м веке когда телевидение было еще черно-белым в камерах использовали красные фильтры которые поглощали в изображении красный цвет т е красная помада никак не оттеняла губы поэтому дикторам на телевидении при наведении макияжа для выразительности губы приходилось красить зеленой помадой,75,291,13,41
https://yesnogame.net/stories/212,212,Опасный ужин,"Ужин в общежитии. Погас свет. Когда свет зажгли, у студента Васи все руки были в крови.","На тарелке оставалась последняя сосиска. Когда свет погас, все студенты потянулись к сосиске вилками, а Вася руками.",73,10,3,easy,289,2019-08-25,"['смешные', 'страшные']",ужин в общежитии погас свет когда свет зажгли у студента васи все руки были в крови,на тарелке оставалась последняя сосиска когда свет погас все студенты потянулись к сосиске вилками а вася руками,83,112,16,17
https://yesnogame.net/stories/213,213,Исчезновение дочери,"Родители потеряли свою маленькую дочь, когда та гуляла на детской площадке. Полиция ее не нашла. Дело было признано нераскрытым, и расследование прекратили.Но родители отказывались сдаваться. И тогда они решили обратиться к медиуму. Эта медиум часто помогала полиции и во многих случаях указывала на точное месторасположение преступника или пропавшего человека.Когда спустя несколько дней медиум прибыла, она попросила родителей отвести её туда, где они в последний раз видели свою дочь. Мать с отцом отвели медиума в парк и смотрели, как она села на траву, закрыла глаза и вошла в транс. Затем она воскликнула: ""Ваша дочь жива! Её сердце бьется, а легкие дышат.""Счастливые родители крепко взялись за руки. Мать спросила, - Но где же она сейчас?- Перед ее глазами  роскошный дом с дорогой мебелью, - продолжила медиум, - А в желудке у нее только самая вкусная еда.Мама снова вздохнула с облегчением и с мольбой спросила:- Но где же все-таки наша дочь? Пожалуйста, скажите нам!Некоторое время медиум колебалась. Затем её глаза широко открылись и она закричала:- Она по всему миру!Какое-то время родители пропавшей девочки стояли, не шевелясь, широко раскрыв рты. Затем они внезапно поняли, что имела в виду медиум и упали на пол, горько рыдая.Что же случилось с девочкой?",Девочку похитили и продали на органы.,72,7,4,medium,216,2019-08-25,"['японские', 'про убийства', 'страшные']",родители потеряли свою маленькую дочь когда та гуляла на детской площадке полиция ее не нашла дело было признано нераскрытым и расследование прекратили но родители отказывались сдаваться и тогда они решили обратиться к медиуму эта медиум часто помогала полиции и во многих случаях указывала на точное месторасположение преступника или пропавшего человека когда спустя несколько дней медиум прибыла она попросила родителей отвести её туда где они в последний раз видели свою дочь мать с отцом отвели медиума в парк и смотрели как она села на траву закрыла глаза и вошла в транс затем она воскликнула ваша дочь жива её сердце бьется а легкие дышат счастливые родители крепко взялись за руки мать спросила - но где же она сейчас - перед ее глазами роскошный дом с дорогой мебелью - продолжила медиум - а в желудке у нее только самая вкусная еда мама снова вздохнула с облегчением и с мольбой спросила - но где же все-таки наша дочь пожалуйста скажите нам некоторое время медиум колебалась затем её глаза широко открылись и она закричала - она по всему миру какое-то время родители пропавшей девочки стояли не шевелясь широко раскрыв рты затем они внезапно поняли что имела в виду медиум и упали на пол горько рыдая что же случилось с девочкой,девочку похитили и продали на органы,1239,36,205,6
https://yesnogame.net/stories/214,214,Загадочные обстоятельства гибели,"Посреди лета в чикагском парке найден труп. Череп размозжен, на теле много повреждений, но причина его смерти - переохлаждение.","Бедняга не имел денег на перелет из Европы в Штаты, но очень хотел там побывать. Поэтому он забрался в отсек шасси реактивного лайнера. Смерть от переохлаждения наступила в полете. Труп выпал, когда самолет выпустил шасси, заходя на посадку в аэропорту Чикаго.",71,15,5,medium,83,2019-08-25,['детективные'],посреди лета в чикагском парке найден труп череп размозжен на теле много повреждений но причина его смерти - переохлаждение,бедняга не имел денег на перелет из европы в штаты но очень хотел там побывать поэтому он забрался в отсек шасси реактивного лайнера смерть от переохлаждения наступила в полете труп выпал когда самолет выпустил шасси заходя на посадку в аэропорту чикаго,123,253,19,41
https://yesnogame.net/stories/215,215,(Не)везение,"Из-за оплошности, допущенной Нильсом в процессе выполнения его работы, Марта, жившая этажом выше, не смогла помыть посуду. При этом муж Марты остался очень доволен, а Нильса все-таки уволили.","В Норвегии произошел занятный случай: Когда одна домохозяйка (Марта) включила кран с водой, оттуда полилось пиво! Дело в том, что бармен в кафе, расположенном на нижнем этаже, перепутал краны. В итоге, наверху у Марты забила пивная струя, а в баре внизу из пивного крана брызнула вода. Бармена, конечно, уволили, но муж Марты был весьма доволен.",83,11,6,medium,387,2019-08-25,['на реальных событиях'],из-за оплошности допущенной нильсом в процессе выполнения его работы марта жившая этажом выше не смогла помыть посуду при этом муж марты остался очень доволен а нильса все-таки уволили,в норвегии произошел занятный случай когда одна домохозяйка марта включила кран с водой оттуда полилось пиво дело в том что бармен в кафе расположенном на нижнем этаже перепутал краны в итоге наверху у марты забила пивная струя а в баре внизу из пивного крана брызнула вода бармена конечно уволили но муж марты был весьма доволен,184,329,28,55
https://yesnogame.net/stories/216,216,"Мистика, да и только","Ева была скептиком, и никогда не верила в паранормальные явления. Но после того как она совершенно одна посетила жуткий лес на 3 ночи, ее скептицизм исчез. Почему?","Ева посетила жуткий лес, о котором ходят много разных слухов, и естественно как все скептики, она фотографировала и записывала каждый свой шаг. После того как она вернулась домой, и начала перелистывать все фотографии, она нашла пару снимков, где она спит в палатке.",75,18,6,medium,198,2019-09-03,['японские'],ева была скептиком и никогда не верила в паранормальные явления но после того как она совершенно одна посетила жуткий лес на 3 ночи ее скептицизм исчез почему,ева посетила жуткий лес о котором ходят много разных слухов и естественно как все скептики она фотографировала и записывала каждый свой шаг после того как она вернулась домой и начала перелистывать все фотографии она нашла пару снимков где она спит в палатке,158,258,27,42
https://yesnogame.net/stories/217,217,Странная остановка,"Автобусная остановка находится на прекрасной дороге, также она полностью исправна. Однако ни один общественный транспорт не останавливается на ней. Почему?","Эта остановка находится в Германии рядом с домом престарелых для больных старческим маразмом. На ней висит расписание якобы проходящих тут маршрутов. Старички и старушки, удумавшие дёрнуть, шли на остановку, садились и смиренно ждали своего автобуса.Если служащие дома замечали, что кто-то из обитателей уже долго отсутствует, они просто шли и забирали его с остановки.",85,15,7,hard,1183,2019-09-18,['на реальных событиях'],автобусная остановка находится на прекрасной дороге также она полностью исправна однако ни один общественный транспорт не останавливается на ней почему,эта остановка находится в германии рядом с домом престарелых для больных старческим маразмом на ней висит расписание якобы проходящих тут маршрутов старички и старушки удумавшие дёрнуть шли на остановку садились и смиренно ждали своего автобуса если служащие дома замечали что кто-то из обитателей уже долго отсутствует они просто шли и забирали его с остановки,151,361,20,54
https://yesnogame.net/stories/219,219,"Позови, и я приду!","Мэри позвала Генриха. Генрих пришел, но не смог сориентироваться в ситуации... и умер!","Сюжет навеян романом ""Аэропорт"" Артура Хэйли.В те времена, когда аэропорты уже существовали, а переносные рации - еще нет, существовала проблема - как созвать всех охраняющих аэропорт полицейских в одно место и при этом не наводить паники среди посетителей аэропорта. Решалась она так: выбирали чрезвычайно редкую комбинацию имени и фамилии, сообщали ее перед началом дня всем полицейским и, если требовалось собрать полицейских, по громкоговорящей связи просили человека с этим именем и фамилией прибыть в необходимое место. Вероятность совпадения с реальным человеком, находящемся в аэропорту, почти нулевая. Почти...Генрих - террорист-одиночка с бомбой в чемодане, собирался сесть на самолет и взорвать его в воздухе (прообраз - Герреро из ""Аэропорта""). Однако он так волновался, что умудрился потерять паспорт и обнаружил пропажу уже в здании аэропорта. Он уже совсем было собирался отложить свой план, как вдруг услышал объявление по радио, что человека с его именем и фамилией просят подойти к администратору аэропорта. Он, разумеется, пошел, будучи в полной уверенности, что нашли его паспорт. Откуда же ему было знать, что паспорта никто не находил - просто его имя и фамилия совпали с кодовыми именем и фамилией для сбора полицейских. Когда он открыл дверь в комнату администратора и обнаружил там полтора десятка блюстителей закона, он подумал, что раскрыт, и взорвал бомбу.Автор: avgera. http://www.danetka.ru/cgi-bin/info.pl?uid=1972",82,38,9,hard,1932,2019-10-12,['детективные'],мэри позвала генриха генрих пришел но не смог сориентироваться в ситуации и умер,сюжет навеян романом аэропорт артура хэйли в те времена когда аэропорты уже существовали а переносные рации - еще нет существовала проблема - как созвать всех охраняющих аэропорт полицейских в одно место и при этом не наводить паники среди посетителей аэропорта решалась она так выбирали чрезвычайно редкую комбинацию имени и фамилии сообщали ее перед началом дня всем полицейским и если требовалось собрать полицейских по громкоговорящей связи просили человека с этим именем и фамилией прибыть в необходимое место вероятность совпадения с реальным человеком находящемся в аэропорту почти нулевая почти генрих - террорист-одиночка с бомбой в чемодане собирался сесть на самолет и взорвать его в воздухе прообраз - герреро из аэропорта однако он так волновался что умудрился потерять паспорт и обнаружил пропажу уже в здании аэропорта он уже совсем было собирался отложить свой план как вдруг услышал объявление по радио что человека с его именем и фамилией просят подойти к администратору аэропорта он разумеется пошел будучи в полной уверенности что нашли его паспорт откуда же ему было знать что паспорта никто не находил - просто его имя и фамилия совпали с кодовыми именем и фамилией для сбора полицейских когда он открыл дверь в комнату администратора и обнаружил там полтора десятка блюстителей закона он подумал что раскрыт и взорвал бомбу автор - 1972,80,1359,13,209
https://yesnogame.net/stories/220,220,Женская логика,В первый день Джона ничего в поступке Мери не удивило.Во второй день Джон необычайно удивился.На третий день Джон все понял и резко изменил к лучшему свое мнение о женщинах.,"Мери - женщина, имевшая богатого мужа и богатого любовника. Оба с удовольствием делали ей дорогие подарки, но давали очень мало денег на карманные расходы.- В первый день Мери с мужем пришла в магазин и выбрала платье за $2000. Муж сразу заплатил, а продавец (Джон), разумеется, ничему не удивился.- Во второй день Мери пришла в тот же самый магазин с любовником и выбрала точно такое же платье, как и вчера. Любовник сразу заплатил, а продавец Джон был очень удивлен.- На третий день Мери пришла в магазин одна и сдала обратно одно из платьев, получив 2000 долларов на руки. Джон, естественно, был в полном восхищении.Автор: shshok. http://www.danetka.ru/cgi-bin/info.pl?uid=125",82,18,7,hard,987,2019-10-12,"['для взрослых', 'пошлые']",в первый день джона ничего в поступке мери не удивило во второй день джон необычайно удивился на третий день джон все понял и резко изменил к лучшему свое мнение о женщинах,мери - женщина имевшая богатого мужа и богатого любовника оба с удовольствием делали ей дорогие подарки но давали очень мало денег на карманные расходы - в первый день мери с мужем пришла в магазин и выбрала платье за 2000 муж сразу заплатил а продавец джон разумеется ничему не удивился - во второй день мери пришла в тот же самый магазин с любовником и выбрала точно такое же платье как и вчера любовник сразу заплатил а продавец джон был очень удивлен - на третий день мери пришла в магазин одна и сдала обратно одно из платьев получив 2000 долларов на руки джон естественно был в полном восхищении автор - 125,172,613,31,109
https://yesnogame.net/stories/221,221,Адвокат от бога,После выступления адвоката Биллу ужесточили наказание. Почему?,"Осенью в районном суде рассматривали дело одного бомжа, который разбил витрину магазина. Из-за выступления адвоката суд, уже склонявшийся к ""условному"" наказанию, осудил преступника.Адвокат сказал: ""Впереди зима! Человек без крова может погибнуть. Вы же сами понимаете, что только в тюрьме подсудимый будет обут, одет и накормлен..."".",82,14,5,medium,548,2019-12-10,['детективные'],после выступления адвоката биллу ужесточили наказание почему,осенью в районном суде рассматривали дело одного бомжа который разбил витрину магазина из-за выступления адвоката суд уже склонявшийся к условному наказанию осудил преступника адвокат сказал впереди зима человек без крова может погибнуть вы же сами понимаете что только в тюрьме подсудимый будет обут одет и накормлен,60,317,7,46
https://yesnogame.net/stories/222,222,Хитрая тёща,"Теща очень не любила зятя и хотела его отравить. Но зять был осторожный и всегда ел только то, что ела и теща. Однажды за ужином теща разрезала кусок мяса пополам, одну половину съела сама, а вторую отдала зятю. Тот после этого помер. Как ей удалось это сделать?",Одна сторона ножа была смазана ядом.,73,6,3,easy,413,2020-02-09,"['детективные', 'Шерлок Холмс', 'про убийства']",теща очень не любила зятя и хотела его отравить но зять был осторожный и всегда ел только то что ела и теща однажды за ужином теща разрезала кусок мяса пополам одну половину съела сама а вторую отдала зятю тот после этого помер как ей удалось это сделать,одна сторона ножа была смазана ядом,254,35,47,6
https://yesnogame.net/stories/223,223,Шерлок нашел убийцу,"Шерлок Холмс шел по коридору. Внезапно он услышал, что кричит женщина: ""Прошу тебя, Джон, не убивай меня!"" Раздался выстрел. Холмс ворвался в комнату. В одном углу лежала убитая женщина и ружье. В другом углу стояли почтальон, адвокат и бухгалтер. Шерлок взглянул на них и, подойдя к почтальону, схватил его: ""Я арестую вас за убийство этой женщины"". В самом деле, эту женщину убил почтальон, но как об этом узнал Холмс?",Почтальон был единственным мужчиной. Адвокат и бухгалтер были женщинами.,83,8,4,medium,1280,2020-02-11,"['детективные', 'Шерлок Холмс', 'про убийства']",шерлок холмс шел по коридору внезапно он услышал что кричит женщина прошу тебя джон не убивай меня раздался выстрел холмс ворвался в комнату в одном углу лежала убитая женщина и ружье в другом углу стояли почтальон адвокат и бухгалтер шерлок взглянул на них и подойдя к почтальону схватил его я арестую вас за убийство этой женщины в самом деле эту женщину убил почтальон но как об этом узнал холмс,почтальон был единственным мужчиной адвокат и бухгалтер были женщинами,398,70,69,9
https://yesnogame.net/stories/224,224,Женщина из лифта,"Я работаю курьером и иногда по работе мне приходится бывать в злачных районах города. Как-то раз я доставлял посылку в старое здание в одном из неспокойных районов Токио. Было жарко и мне лень было подниматься по лестнице, так что я вызвал лифт. Я нажал на кнопку и дверь немедленно открылась. Как только это произошло, оттуда с криками выскочила женщина с безумным видом. Не успел я и слова сказать, как она уже выбежала из здания.И что это вообще такое… Может, якудза поработали? Угрожают ей? Кто знает, что может происходить в такой дыре.Я заглянул в лифт, чтобы проверить нет ли там злых маньяков. Нет, ничего. Ну что же. Я вошел внутрь и нажал кнопку своего этажа.Что было с этой женщиной?","Сломанный лифт открывал двери при нажатии кнопки вызова снаружи, но закрывал двери и не позволял их открыть, когда пассажир заходил внутрь и нажимал кнопку требуемого этажа.",42,10,4,medium,223,2020-02-24,['японские'],я работаю курьером и иногда по работе мне приходится бывать в злачных районах города как-то раз я доставлял посылку в старое здание в одном из неспокойных районов токио было жарко и мне лень было подниматься по лестнице так что я вызвал лифт я нажал на кнопку и дверь немедленно открылась как только это произошло оттуда с криками выскочила женщина с безумным видом не успел я и слова сказать как она уже выбежала из здания и что это вообще такое может якудза поработали угрожают ей кто знает что может происходить в такой дыре я заглянул в лифт чтобы проверить нет ли там злых маньяков нет ничего ну что же я вошел внутрь и нажал кнопку своего этажа что было с этой женщиной,сломанный лифт открывал двери при нажатии кнопки вызова снаружи но закрывал двери и не позволял их открыть когда пассажир заходил внутрь и нажимал кнопку требуемого этажа,675,170,121,26
https://yesnogame.net/stories/225,225,Человек с кольцом,"Шёл человек с золотым кольцом на пальце. Внезапно на него напали разбойники. Они хотели забрать кольцо, но оно не снималось. Поэтому они отрезали палец и убежали. При этом человек даже не закричал. Почему?","У него были золотые зубы, и он не хотел их показывать, чтобы их тоже не забрали.",80,12,6,medium,1037,2020-05-11,"['страшные', 'короткие']",шёл человек с золотым кольцом на пальце внезапно на него напали разбойники они хотели забрать кольцо но оно не снималось поэтому они отрезали палец и убежали при этом человек даже не закричал почему,у него были золотые зубы и он не хотел их показывать чтобы их тоже не забрали,198,77,33,16
https://yesnogame.net/stories/226,226,В автобусе,Катя решила уступить своё место в автобусе вошедшей женщине. Но та очень смутилась и отказалась. Почему?,Маленькая Катя сидела на папиных коленях.,88,7,4,medium,5488,2020-06-28,"['смешные', 'для детей', 'короткие']",катя решила уступить своё место в автобусе вошедшей женщине но та очень смутилась и отказалась почему,маленькая катя сидела на папиных коленях,101,40,16,6
https://yesnogame.net/stories/227,227,Мёдвед,"Многие удивились, когда Билл, известный в городе торговец, выкатил на площадь бочку меда и предложил всем угощаться.Но еще больше удивились люди тому, что на вопрос, по какому случаю он делает такие подарки, Билл ответил, что он вовсе никому ничего не дарит.","Билл много лет продавал мед, который зачерпывал мерной кружкой и переливал в кувшин покупателю.Мед - вещь густая, ждать, пока весь выльется - долго... Никто из покупателей и не ждал никогда до последней капли.Но Билл был человеком редкой честности и не собирался присваивать чужое, даже если речь шла о нескольких каплях. Остатки меда он выливал в отдельный сосуд и, таким образом, за годы у него скопилась целая бочка мёда. Теперь понятен и странный, на первый взгляд, ответ Билла: ведь дарить можно только свое, а он никогда не считал этот мед своим. Он просто ВОЗВРАЩАЛ мед людям, которые как-бы оставили его у него на длительное хранение.",79,18,7,hard,281,2020-09-14,['для детей'],многие удивились когда билл известный в городе торговец выкатил на площадь бочку меда и предложил всем угощаться но еще больше удивились люди тому что на вопрос по какому случаю он делает такие подарки билл ответил что он вовсе никому ничего не дарит,билл много лет продавал мед который зачерпывал мерной кружкой и переливал в кувшин покупателю мед - вещь густая ждать пока весь выльется - долго никто из покупателей и не ждал никогда до последней капли но билл был человеком редкой честности и не собирался присваивать чужое даже если речь шла о нескольких каплях остатки меда он выливал в отдельный сосуд и таким образом за годы у него скопилась целая бочка мёда теперь понятен и странный на первый взгляд ответ билла ведь дарить можно только свое а он никогда не считал этот мед своим он просто возвращал мед людям которые как-бы оставили его у него на длительное хранение,250,624,42,106
https://yesnogame.net/stories/228,228,Остерегайтесь случайных связей,"Саша пригласил Машу в кафе.Маша ответила согласием.Зашли. Официант подал меню.Саша предложил что-то выпить.Маша ответила согласием.Официант предложил им попробовать их фирменный коктейль...Маша резко поднялась, назвала Сашу проходимцем и покинула кафе.","Саша с Машей только что случайно познакомились.Саша, дабы пустить девушке пыль в глаза, представился французским студентом. Он так умело коверкал свой русский несколькими известными ему французскими словами, что Маша на это повелась. Он продолжал морочить ей голову и в кафе, да так искусно, что подошедший официант тоже принял его за француза. Но, на Сашину беду, официант неплохо знал французский и, решив угодить клиенту, перешёл на его ""родной"" язык. Увидев растерянное Сашино лицо, Маша поняла что к чему и, естественно, возмутилась.Автор: ЛевК, http://www.danetka.ru/cgi-bin/info.pl?uid=814",69,21,7,hard,240,2020-09-12,"['для взрослых', 'пошлые']",саша пригласил машу в кафе маша ответила согласием зашли официант подал меню саша предложил что-то выпить маша ответила согласием официант предложил им попробовать их фирменный коктейль маша резко поднялась назвала сашу проходимцем и покинула кафе,саша с машей только что случайно познакомились саша дабы пустить девушке пыль в глаза представился французским студентом он так умело коверкал свой русский несколькими известными ему французскими словами что маша на это повелась он продолжал морочить ей голову и в кафе да так искусно что подошедший официант тоже принял его за француза но на сашину беду официант неплохо знал французский и решив угодить клиенту перешёл на его родной язык увидев растерянное сашино лицо маша поняла что к чему и естественно возмутилась автор левк - 814,247,536,35,85
https://yesnogame.net/stories/229,229,Смешной бомж,"Звонок. Билл открывает дверь. На пороге - местный бомж.- Здравствуйте, - говорит бомж, - я тут, по своему обыкновению, обходил помойки и обнаружил в одной из них бумажник с 1000 долларами и вашим удостоверением. Наверное выбросили по ошибке.- Точно! - радуется Билл. - Мой бумажник! Спасибо большое!- Проверьте пожалуйста содержимое - просит бомж.- Ровно тысяча! - подтверждает Билл, наскоро пересчитав купюры. После чего вынимает из пачки 20-долларовую бумажку и вручает её бомжу. - Это вам от меня в благодарность!Оба расстаются, вполне довольные друг другом.- Кто приходил? - спрашивает Билла его жена.Билл со смехом рассказывает жене о произошедшем.А чего смешного то?","Возвращая кошелек, бомж очень надеялся на благодарность.Но ведь не факт, что у Билла под рукой окажется мелочь.А в бумажнике были только 100-долларовые банкноты.Согласится ли Билл заплатить такую большую сумму?И бомж принял мудрое решение. Перед возвратом он разменял одну сотню на более мелкие купюры - 5, 10, 20, 50, решив что теперь Билл сможет выбрать какой же суммой его отблагодарить.Это предусмотрительность бомжа и развеселила Билла.Автор: ЛевК, http://www.danetka.ru/cgi-bin/info.pl?uid=814",79,13,6,medium,300,2020-09-13,['для взрослых'],звонок билл открывает дверь на пороге - местный бомж - здравствуйте - говорит бомж - я тут по своему обыкновению обходил помойки и обнаружил в одной из них бумажник с 1000 долларами и вашим удостоверением наверное выбросили по ошибке - точно - радуется билл - мой бумажник спасибо большое - проверьте пожалуйста содержимое - просит бомж - ровно тысяча - подтверждает билл наскоро пересчитав купюры после чего вынимает из пачки 20-долларовую бумажку и вручает её бомжу - это вам от меня в благодарность оба расстаются вполне довольные друг другом - кто приходил - спрашивает билла его жена билл со смехом рассказывает жене о произошедшем а чего смешного то,возвращая кошелек бомж очень надеялся на благодарность но ведь не факт что у билла под рукой окажется мелочь а в бумажнике были только 100-долларовые банкноты согласится ли билл заплатить такую большую сумму и бомж принял мудрое решение перед возвратом он разменял одну сотню на более мелкие купюры - 5 10 20 50 решив что теперь билл сможет выбрать какой же суммой его отблагодарить это предусмотрительность бомжа и развеселила билла автор левк - 814,655,450,108,73
https://yesnogame.net/stories/230,230,Причем тут мистер Уайт?,Уайт умер. А потом и Генри умер. Мэри была в шоке. Почему? И причем тут Уайт?,"Уайт – это литературный агент писателя Генри.Уайт внезапно умер от сердечного приступа, отчего не смог сообщить Генри, что его книги продаются большими тиражами. Таким образом Генри не знал, что уже стал богатым человеком.Мэри это жена Генри. У них был тяжелый развод, из-за которого Генри попал в сложную финансовую ситуацию (стал бедняком с долгами) и заработал депрессию. Он так сильно презирал бывшую жену после её выходок, что решил покончить с собой, чтобы аннулировать свой полис страхования жизни, на получение денег с которого она претендовала.Генри Бим Пайпер это реальный американский писатель (1904 – 1964).Предсмертная записка Генри: ""Мне не нравится оставлять беспорядок после ухода, но если я мог бы убрать что-то из этого беспорядка, я не стал бы уходить"".Описанный мотив самоубийства Генри: гипотеза его близкого друга. Реальной причины точно никто не знает. Есть только его предсмертная записка.",58,39,8,hard,319,2020-09-24,"['на реальных событиях', 'исторические']",уайт умер а потом и генри умер мэри была в шоке почему и причем тут уайт,уайт это литературный агент писателя генри уайт внезапно умер от сердечного приступа отчего не смог сообщить генри что его книги продаются большими тиражами таким образом генри не знал что уже стал богатым человеком мэри это жена генри у них был тяжелый развод из-за которого генри попал в сложную финансовую ситуацию стал бедняком с долгами и заработал депрессию он так сильно презирал бывшую жену после её выходок что решил покончить с собой чтобы аннулировать свой полис страхования жизни на получение денег с которого она претендовала генри бим пайпер это реальный американский писатель 1904 1964 предсмертная записка генри мне не нравится оставлять беспорядок после ухода но если я мог бы убрать что-то из этого беспорядка я не стал бы уходить описанный мотив самоубийства генри гипотеза его близкого друга реальной причины точно никто не знает есть только его предсмертная записка,72,886,16,137
https://yesnogame.net/stories/232,232,Дикари тоже умные,Аборигены жили на острове посреди океана. Им удалось найти способ как можно разбогатеть. И как же?,"На дне океана лежали фарфоровые вазы после кораблекрушения. Самые опытные ныряльщики не могли их достать в течение 100 лет.Аборигены придумали хитрый способ. Они ловили осминогов, привязывали их и опускали в воду.Затем они ждали пока животные в груде корабельных обломков найдут укромные для себя убежища внутри фарфоровых чаш и сосудов. Оказалось осьминоги упрямы — не желают расставаться с приглянувшимся жилищем, даже если их тянуть за веревку.Иногда осьминог тянул за собой камень вместо фарфора, но дело пошло на лад.Из книги: Игоря Акимушкина: ""Приматы моря""",76,22,7,hard,142,2021-02-24,"['на реальных событиях', 'исторические']",аборигены жили на острове посреди океана им удалось найти способ как можно разбогатеть и как же,на дне океана лежали фарфоровые вазы после кораблекрушения самые опытные ныряльщики не могли их достать в течение 100 лет аборигены придумали хитрый способ они ловили осминогов привязывали их и опускали в воду затем они ждали пока животные в груде корабельных обломков найдут укромные для себя убежища внутри фарфоровых чаш и сосудов оказалось осьминоги упрямы не желают расставаться с приглянувшимся жилищем даже если их тянуть за веревку иногда осьминог тянул за собой камень вместо фарфора но дело пошло на лад из книги игоря акимушкина приматы моря,95,552,16,85
https://yesnogame.net/stories/233,233,Спустившая шина,"Четверо студентов колледжа опоздали на лекцию и объяснили свое опоздание преподавателю тем, что по дороге у них спустила шина. Умный преподаватель быстро доказал остальным слушателям, что опоздавшие солгали. Каким образом?","Преподаватель развел всех четырех опоздавших студентов в разные комнаты и спросил каждого, на каком из колес автомобиля была повреждена шина. Разумеется, их ответы разошлись.",82,7,4,medium,216,2021-03-13,['для детей'],четверо студентов колледжа опоздали на лекцию и объяснили свое опоздание преподавателю тем что по дороге у них спустила шина умный преподаватель быстро доказал остальным слушателям что опоздавшие солгали каким образом,преподаватель развел всех четырех опоздавших студентов в разные комнаты и спросил каждого на каком из колес автомобиля была повреждена шина разумеется их ответы разошлись,217,170,30,24
https://yesnogame.net/stories/234,234,Безносая смерть,"Пока он был в лесу, дикий зверь откусил ему нос. Но его не стало только через 3 месяца.","Это был снеговик. Заяц откусил ему нос из морковки, но растаял он только в апреле.",86,7,3,easy,1271,2021-03-18,"['новогодние', 'для детей']",пока он был в лесу дикий зверь откусил ему нос но его не стало только через 3 месяца,это был снеговик заяц откусил ему нос из морковки но растаял он только в апреле,84,79,18,15
https://yesnogame.net/stories/235,235,Грустная Маша,"Маша спала, когда её разбудил Роман. Она подошла к двери и нашла письмо. Прочитав его она заплакала. Теперь она знала, что её парень больше никогда не увидит её. Почему?","Парню Маши недавно сделали хирургию глаз. Роман, пёс-поводырь её парня, услышал как почтальон принес письмо и разбудил её. Письмо было от врачей с результатами медицинских тестов, которые показали, что операция не привела к успеху и теперь её парень полностью ослеп.",76,7,4,medium,112,2021-03-18,['страшные'],маша спала когда её разбудил роман она подошла к двери и нашла письмо прочитав его она заплакала теперь она знала что её парень больше никогда не увидит её почему,парню маши недавно сделали хирургию глаз роман пёс-поводырь её парня услышал как почтальон принес письмо и разбудил её письмо было от врачей с результатами медицинских тестов которые показали что операция не привела к успеху и теперь её парень полностью ослеп,162,259,29,40
https://yesnogame.net/stories/236,236,Перо,Мертвый мужчина лежит рядом с пером. Как он умер?,"Мужчина был мастером по глотанию шпаг. Однажды во время тренировки кто-то пощекотал ему шею пером, из-за чего он подавился.Реальный факт: с 1880 года зарегистрировано 29 смертей в результате проглатывания шпаг.",75,15,6,medium,183,2021-03-22,"['страшные', 'про убийства']",мертвый мужчина лежит рядом с пером как он умер,мужчина был мастером по глотанию шпаг однажды во время тренировки кто-то пощекотал ему шею пером из-за чего он подавился реальный факт с 1880 года зарегистрировано 29 смертей в результате проглатывания шпаг,47,206,9,31
https://yesnogame.net/stories/237,237,От добра добра не ищут,"Билл решил сделать доброе дело и, представьте себе, умер!","Билл жил на 9 этаже. Однажды он решил подвесить на своем балконе кормушку для птиц. Чтобы дотянуться до нужной высоты, он не придумал ничего лучшего, как встать на стул с колесиками! Стул ""поехал"", ударился о балконные перилла, и Билл кувыркнулся с 9-го этажа.",71,14,5,medium,97,2021-04-03,"['страшные', 'про убийства']",билл решил сделать доброе дело и представьте себе умер,билл жил на 9 этаже однажды он решил подвесить на своем балконе кормушку для птиц чтобы дотянуться до нужной высоты он не придумал ничего лучшего как встать на стул с колесиками стул поехал ударился о балконные перилла и билл кувыркнулся с 9-го этажа,54,250,9,43
https://yesnogame.net/stories/238,238,Последнее вино,"Камелия принесла Вальмону вина. Тот посмотрел на часы, выпил и умер.","Вальмон был безнадежно влюблен в Камелию, но она не отвечала ему взаимностью. Однажды она предложила Вальмону жестокую игру: в один из двух бокалов вина был подмешан яд, Вальмон должен был выпить любой по своему усмотрению, и, если он оставался в живых, Камелия соглашалась выйти за него замуж.Часы Вальмон использовал вместо монетки, чтобы решить свою судьбу (по положению секундной стрелки слева или справа от вертикальной линии). Ему не повезло.",78,19,7,hard,168,2021-04-03,"['страшные', 'про убийства']",камелия принесла вальмону вина тот посмотрел на часы выпил и умер,вальмон был безнадежно влюблен в камелию но она не отвечала ему взаимностью однажды она предложила вальмону жестокую игру в один из двух бокалов вина был подмешан яд вальмон должен был выпить любой по своему усмотрению и если он оставался в живых камелия соглашалась выйти за него замуж часы вальмон использовал вместо монетки чтобы решить свою судьбу по положению секундной стрелки слева или справа от вертикальной линии ему не повезло,65,436,11,69
https://yesnogame.net/stories/240,240,Кто я?,"Профессор не хотел принимать работу у студента.Студент: ""Да вы знаете, кто я?""Профессор: ""Не знаю и знать не хочу. И не пытайтесь меня запугать!""А потом профессор всё же принял работу. Почему?","Письменный экзамен. Все, кроме одного студента, сдали работы, а он продолжал писать после того, как время уже вышло. Поэтому профессор отказался принимать его работу.Когда студент понял, что профессор не знает его имени, он вложил свою работу в середину стопки и убежал.",77,14,6,medium,136,2021-04-01,['смешные'],профессор не хотел принимать работу у студента студент да вы знаете кто я профессор не знаю и знать не хочу и не пытайтесь меня запугать а потом профессор всё же принял работу почему,письменный экзамен все кроме одного студента сдали работы а он продолжал писать после того как время уже вышло поэтому профессор отказался принимать его работу когда студент понял что профессор не знает его имени он вложил свою работу в середину стопки и убежал,182,261,33,42
https://yesnogame.net/stories/241,241,Время не важно,Однажды Марк спрятал свои часы. Зачем?,"– Мы женаты уже тридцать один год.– Как вы познакомились?– Я увидел ее в автобусе, снял свои часы и убрал их в карман. Потом сел рядом с ней и спросил, который час.",78,14,6,medium,135,2021-04-03,"['на реальных событиях', 'короткие']",однажды марк спрятал свои часы зачем,мы женаты уже тридцать один год как вы познакомились я увидел ее в автобусе снял свои часы и убрал их в карман потом сел рядом с ней и спросил который час,36,154,6,31
https://yesnogame.net/stories/242,242,Ты меня любишь?,Она спросила: «Ты меня любишь?»… он молчал.Она спросила второй раз: «Ты меня любишь?» … он опять промолчал.Она спросила его в третий раз: «Ты меня любишь?» Он отвечает «да» и она умирает.,Это были воздушные акробаты в цирке.Он держал в зубах веревку с ней. Страховка не помогла.,73,16,6,medium,213,2021-05-01,"['страшные', 'про убийства']",она спросила ты меня любишь он молчал она спросила второй раз ты меня любишь он опять промолчал она спросила его в третий раз ты меня любишь он отвечает да и она умирает,это были воздушные акробаты в цирке он держал в зубах веревку с ней страховка не помогла,169,88,32,16
https://yesnogame.net/stories/243,243,Таинственный ключ,Каждую ночь Лиза запирала дверь на ключ и привязывала его к нити. Зачем?,"Лиза ходила во сне. Как-то раз она даже вышла из дома посреди ночи. Чтобы этого не повторилось, она стала привязывать ключ к колокольчику. Если Лиза попытается выйти из дома во сне, её отец проснется и не даст ей уйти.",80,11,5,medium,223,2021-07-30,"['страшные', 'для детей']",каждую ночь лиза запирала дверь на ключ и привязывала его к нити зачем,лиза ходила во сне как-то раз она даже вышла из дома посреди ночи чтобы этого не повторилось она стала привязывать ключ к колокольчику если лиза попытается выйти из дома во сне её отец проснется и не даст ей уйти,70,212,13,39
https://yesnogame.net/stories/244,244,Лица на портретах,"Один человек заблудился в лесу. Он долго блуждал и, в конце концов, в сумерках натолкнулся на хижину. Внутри никого не было, и он решил лечь спать. Но он долго не мог заснуть, потому что на стенах висели портреты каких-то людей, и ему казалось, что они зловеще смотрят на него. В конце концов он заснул от усталости.Утром его разбудил яркий солнечный свет. Все лица куда-то исчезли.Как такое возможно?",На стенах вообще не было никаких картин. Это были окна.,66,5,3,easy,225,2021-08-17,"['страшные', 'японские']",один человек заблудился в лесу он долго блуждал и в конце концов в сумерках натолкнулся на хижину внутри никого не было и он решил лечь спать но он долго не мог заснуть потому что на стенах висели портреты каких-то людей и ему казалось что они зловеще смотрят на него в конце концов он заснул от усталости утром его разбудил яркий солнечный свет все лица куда-то исчезли как такое возможно,на стенах вообще не было никаких картин это были окна,389,53,69,10
https://yesnogame.net/stories/245,245,Предприимчивые бизнесмены,"Одна фирма выпускала ножи для чистки картофеля. Производители задумали увеличить продажи своих приборов и решили: нужно, чтобы ножи чаще пропадали в домах, тогда хозяйки будут покупать новые. Как они воплотили свою задумку?","Фирма стала выпускать ножи для чистки картофеля, раскрашенные под кожуру корнеплода. Приборы сливались по цвету с очистками, и их часто выбрасывали.",72,4,4,medium,86,2021-09-23,['на реальных событиях'],одна фирма выпускала ножи для чистки картофеля производители задумали увеличить продажи своих приборов и решили нужно чтобы ножи чаще пропадали в домах тогда хозяйки будут покупать новые как они воплотили свою задумку,фирма стала выпускать ножи для чистки картофеля раскрашенные под кожуру корнеплода приборы сливались по цвету с очистками и их часто выбрасывали,217,144,32,21
https://yesnogame.net/stories/246,246,"Не было бы счастья, да несчастье помогло...","У девушки умерла мать. Девушка ее хоронила, и на похоронах увидела мужчину своей мечты и влюбилась в него. Через 14 дней она убила свою сестру. Зачем она это сделала?","Чтобы увидеть этого парня снова, так как вероятно он опять придет на похороны.",68,13,5,medium,134,2021-09-24,"['страшные', 'детективные', 'про убийства']",у девушки умерла мать девушка ее хоронила и на похоронах увидела мужчину своей мечты и влюбилась в него через 14 дней она убила свою сестру зачем она это сделала,чтобы увидеть этого парня снова так как вероятно он опять придет на похороны,161,76,29,13
https://yesnogame.net/stories/247,247,Ужин,"Я ужинала со своей подругой и она попросила найти укромное место, чтобы её никто не видел. Вскоре моя подруга взорвалась. Как это произошло?","Мы с моей подругой комары. И пока мы сосали кровь, её хлопнули ладонью и она взорвалась.",68,11,5,medium,124,2021-11-20,['для детей'],я ужинала со своей подругой и она попросила найти укромное место чтобы её никто не видел вскоре моя подруга взорвалась как это произошло,мы с моей подругой комары и пока мы сосали кровь её хлопнули ладонью и она взорвалась,136,85,23,16
https://yesnogame.net/stories/248,248,Тишина по радио,"Мужчина вёл машину и слушал радио, как вдруг станция прекратила своё вещание. Спустя пару минут он съехал на обочину и сбросился с вершины скалы.","Мужчина работал ведущим на радио. В этот день он совершил убийство и в качестве алиби запустил в прямой эфир заранее подготовленную запись радиотрансляции. Осознав, что станция по какой-то причине прекратила вещание и все сразу поймут, что убийца именно он, мужчина решил покончить с собой.",73,21,8,hard,427,2021-12-20,"['детективные', 'Шерлок Холмс', 'страшные']",мужчина вёл машину и слушал радио как вдруг станция прекратила своё вещание спустя пару минут он съехал на обочину и сбросился с вершины скалы,мужчина работал ведущим на радио в этот день он совершил убийство и в качестве алиби запустил в прямой эфир заранее подготовленную запись радиотрансляции осознав что станция по какой-то причине прекратила вещание и все сразу поймут что убийца именно он мужчина решил покончить с собой,142,284,24,44
https://yesnogame.net/stories/249,249,Шелковый шарф,"Билл всегда надевал шелковый шарф на работу, в любую погоду. Кем он работает и зачем ему этот шарф?","Билл – пилот времен Первой мировой войны. Шарф нужен ему, чтобы не натирать шею во время поиска вражеских самолетов.Объяснение:Первые военные самолеты (""этажерки"") имели открытую кабину. Скорость полета при этом достигала 150 км/ч. Поэтому авиаторы одевались в плотную кожаную одежду, обладавшую максимальной непродуваемостью.Никаких систем дальнего обнаружения в то время также не было. Чтобы первым обнаружить противника, пилот был вынужден крутить головой для обзора в 360 градусов как минимум каждые 20 секунд. Были случаи, когда летчики натирали шею до крови.Так у летчиков и появились белые шелковые лётные шарфы. Шелк – материал очень гладкий и одновременно достаточно плотный. Он служил и защитой от встречного ветра, и гладкой прослойкой между кожей и воротником.",81,18,7,hard,110,2022-01-10,"['на реальных событиях', 'исторические']",билл всегда надевал шелковый шарф на работу в любую погоду кем он работает и зачем ему этот шарф,билл пилот времен первой мировой войны шарф нужен ему чтобы не натирать шею во время поиска вражеских самолетов объяснение первые военные самолеты этажерки имели открытую кабину скорость полета при этом достигала 150 км ч поэтому авиаторы одевались в плотную кожаную одежду обладавшую максимальной непродуваемостью никаких систем дальнего обнаружения в то время также не было чтобы первым обнаружить противника пилот был вынужден крутить головой для обзора в 360 градусов как минимум каждые 20 секунд были случаи когда летчики натирали шею до крови так у летчиков и появились белые шелковые лётные шарфы шелк материал очень гладкий и одновременно достаточно плотный он служил и защитой от встречного ветра и гладкой прослойкой между кожей и воротником,96,751,18,112
https://yesnogame.net/stories/250,250,Снежная история,"Утро в деревне. Снегопад был всю ночь и до сих пор продолжался. Мужчина только что проснулся и взглянул на свой сад, потом на сад соседа. И сразу обратил внимание, что в собственном саду снега оказалось в два раза больше, чем у соседа! Причем сосед еще вчера вечером куда-то уехал.Как так получилось?",Правильный ответ: у соседа площадь сада в два раза меньше.Хотя есть другие логичные версии:- Прошлой ночью был такой же снегопад и сосед за день успел убрать весь снег.- Снег надуло ветром.,57,9,4,medium,94,2022-01-10,"['новогодние', 'для детей']",утро в деревне снегопад был всю ночь и до сих пор продолжался мужчина только что проснулся и взглянул на свой сад потом на сад соседа и сразу обратил внимание что в собственном саду снега оказалось в два раза больше чем у соседа причем сосед еще вчера вечером куда-то уехал как так получилось,правильный ответ у соседа площадь сада в два раза меньше хотя есть другие логичные версии - прошлой ночью был такой же снегопад и сосед за день успел убрать весь снег - снег надуло ветром,292,187,52,34
https://yesnogame.net/stories/251,251,Неверно прочитала,Женщина прочитала фразу неверно. После этого муж развелся с ней. Почему?,"Женщина работала ученым в лаборатории. Она случайно неверно прочитала этикетку на бутылке перед тем, как смешать её содержимое с другим химикатом. Смесь взорвалась и сожгла её лицо. Она полностью ослепла и потеряла свою красоту. Муж решил бросить её.",67,22,7,hard,77,2022-01-16,['страшные'],женщина прочитала фразу неверно после этого муж развелся с ней почему,женщина работала ученым в лаборатории она случайно неверно прочитала этикетку на бутылке перед тем как смешать её содержимое с другим химикатом смесь взорвалась и сожгла её лицо она полностью ослепла и потеряла свою красоту муж решил бросить её,69,244,11,38
https://yesnogame.net/stories/252,252,Тайная комната,"У Шерлока Холмса была тайная комната, ключ от которой лежал в комоде. Он никому не разрешал туда заходить, ни доктору Ватсону, ни миссис Хадсон. Но когда Шерлок Холмс и доктор Ватсон ушли, миссис Хадсон решила посмотреть, что в комнате, взяла ключ, открыла комнату и вошла. Она походила по комнате, подошла к столу, открыла лежащую на нем книгу.Внезапно внизу раздались шаги, раздался голос Холмса: ""Я кое-что забыл"". Миссис Хадсон быстро закрыла книгу, положила ее на место, подошла к двери, выключила свет, вышла и закрыла дверь и успела положить ключ на место. Холмс взял ключ, открыл дверь, заглянул в комнату и сразу спросил: ""Миссис Хадсон, зачем Вы заходили в мою комнату?""Как Холмс узнал, что миссис Хадсон заходила в его комнату?",Холмс забыл выключить свет.,84,5,3,easy,376,2022-01-16,"['Шерлок Холмс', 'для детей']",у шерлока холмса была тайная комната ключ от которой лежал в комоде он никому не разрешал туда заходить ни доктору ватсону ни миссис хадсон но когда шерлок холмс и доктор ватсон ушли миссис хадсон решила посмотреть что в комнате взяла ключ открыла комнату и вошла она походила по комнате подошла к столу открыла лежащую на нем книгу внезапно внизу раздались шаги раздался голос холмса я кое-что забыл миссис хадсон быстро закрыла книгу положила ее на место подошла к двери выключила свет вышла и закрыла дверь и успела положить ключ на место холмс взял ключ открыл дверь заглянул в комнату и сразу спросил миссис хадсон зачем вы заходили в мою комнату как холмс узнал что миссис хадсон заходила в его комнату,холмс забыл выключить свет,708,26,120,4
https://yesnogame.net/stories/253,253,Смерть в море,"Мужчина сидит на скамейке в парке и читает в газете статью под заголовком ""Смерть в море"". Но он знает, что это было убийство. Откуда?","Мужчина работает турагентом. Он продал два билета на путешествие через океан: один туда и обратно, а второй только в один конец.Фамилия человека, купившего билеты, совпадает с фамилией женщины, которая «упала» за борт и утонула в этом самом путешествии. Её фамилию напечатали в газете. Мужчина догадался, что на самом деле её убили.",74,25,8,hard,113,2022-01-18,"['страшные', 'детективные', 'про убийства']",мужчина сидит на скамейке в парке и читает в газете статью под заголовком смерть в море но он знает что это было убийство откуда,мужчина работает турагентом он продал два билета на путешествие через океан один туда и обратно а второй только в один конец фамилия человека купившего билеты совпадает с фамилией женщины которая упала за борт и утонула в этом самом путешествии её фамилию напечатали в газете мужчина догадался что на самом деле её убили,128,320,24,52
https://yesnogame.net/stories/255,255,Женские разборки,"Разговаривают две девушки. Одна идет в ванную, выходит через пять минут и убивает другую. За что?","Обе девушки белокожие. Та, в чьем доме это происходит, одинокая девушка.Чернокожий друг другой девушки, той, которая пошла в ванную, был недавно убит Ку-клукс-кланом. Она зашла в ванную и обнаружила окровавленный костюм Ку-клукс-клана в корзине для белья, после чего взяла пилку для ногтей из аптечки, вышла и убила свою знакомую, потому что, судя по всему, костюм принадлежал ей.",66,24,7,hard,227,2022-01-18,"['страшные', 'для взрослых', 'про убийства']",разговаривают две девушки одна идет в ванную выходит через пять минут и убивает другую за что,обе девушки белокожие та в чьем доме это происходит одинокая девушка чернокожий друг другой девушки той которая пошла в ванную был недавно убит ку-клукс-кланом она зашла в ванную и обнаружила окровавленный костюм ку-клукс-клана в корзине для белья после чего взяла пилку для ногтей из аптечки вышла и убила свою знакомую потому что судя по всему костюм принадлежал ей,93,367,16,58
https://yesnogame.net/stories/256,256,Доставляя радость,"Беула погибла в Аппалачах, а Крейг погиб в море. Но смерть Крейга всех порадовала больше. Почему?","Беула и Крейг были ураганами.Крупным ураганам дают имена, чтобы людям  было проще обмениваться информацией.",74,8,5,medium,53,2022-01-19,"['для детей', 'на реальных событиях', 'исторические']",беула погибла в аппалачах а крейг погиб в море но смерть крейга всех порадовала больше почему,беула и крейг были ураганами крупным ураганам дают имена чтобы людям было проще обмениваться информацией,93,104,16,15
https://yesnogame.net/stories/257,257,Машина без водителя,Автомобиль без водителя поехал; и человек умер. Как так получилось?,"Преступник установил машину на склоне над небольшим прилавком с хот-догами, где работает жертва. Затем он поместил в машину ледяную глыбу, чтобы удерживать педаль тормоза и поставил нейтральную передачу, после чего умчался в другой город, чтобы избежать подозрений.В этот день была положительная температура. Когда лед растаял, машина скатилась с холма на продавца хот-догов, убив его.",64,19,6,medium,58,2022-01-19,['про убийства'],автомобиль без водителя поехал и человек умер как так получилось,преступник установил машину на склоне над небольшим прилавком с хот-догами где работает жертва затем он поместил в машину ледяную глыбу чтобы удерживать педаль тормоза и поставил нейтральную передачу после чего умчался в другой город чтобы избежать подозрений в этот день была положительная температура когда лед растаял машина скатилась с холма на продавца хот-догов убив его,64,376,10,55
https://yesnogame.net/stories/258,258,Подарок,"Умирающий Билл вручил Джону подарок, и умер. Вскоре Джон тоже умер. От чего умер Джон?","Джон застрелил Билла. Но перед смертью Билл успел отдать Джону чеку от гранаты, которую он только что выдернул.Затем Билл умер, а последовавший взрыв гранаты убил и Джона.",78,13,5,medium,49,2022-01-19,"['про убийства', 'страшные']",умирающий билл вручил джону подарок и умер вскоре джон тоже умер от чего умер джон,джон застрелил билла но перед смертью билл успел отдать джону чеку от гранаты которую он только что выдернул затем билл умер а последовавший взрыв гранаты убил и джона,82,167,15,28
https://yesnogame.net/stories/259,259,Поджог,"1959 год, Франция. Девушка в своей комнате ждала пока муж вернется домой. Все двери были заперты изнутри. Когда муж вернулся, дом сгорел дотла, а девушка умерла. Что произошло?","Жаркое солнце отражалось в зеркале девушки, которое было не идеально плоским и  слегка фокусировало свет. Лучи нагрели дамское белье, в котором она была, до точки горения. Она была так погружена в книгу в этот момент, что не сразу заметила жар от огня, пока всё не вспыхнуло. Никто не смог помочь ей, потому что двери были закрыты изнутри.",49,15,5,medium,88,2022-01-19,['страшные'],1959 год франция девушка в своей комнате ждала пока муж вернется домой все двери были заперты изнутри когда муж вернулся дом сгорел дотла а девушка умерла что произошло,жаркое солнце отражалось в зеркале девушки которое было не идеально плоским и слегка фокусировало свет лучи нагрели дамское белье в котором она была до точки горения она была так погружена в книгу в этот момент что не сразу заметила жар от огня пока всё не вспыхнуло никто не смог помочь ей потому что двери были закрыты изнутри,168,328,28,57
https://yesnogame.net/stories/260,260,Выстоять до конца,"Майк стоит на одном колене посреди пустыни уже больше суток.Он совершенно один, у него нет ни еды, ни воды. Но он никуда не идет. В чем дело?","Он думает, что стоит одной ногой на мине (хотя это не так).Майку и его напарнику было поручено убить террористов. Но операция не удалась. Благодаря песчаной буре им удалось бежать и они оказались в пустыне. Они не сразу заметили, что находятся на минном поле.Внезапно напарник Майка подорвался на мине, ему оторвало ноги, и он скончался. В момент взрыва Майк сделал шаг и отчетливо услышал щелчок под своей ногой, после чего замер. Он подумал, что он активировал взрыватель мины. Это означает, что если он отпустит ногу, то произойдет взрыв.Майку удалось через рацию сообщить своему начальству о своем положении. Ему ответили, что смогут помочь ему только через 52 часа. И Майк стал ждать.Уже спустя сутки ему было очень плохо из-за жары, его стали посещать галлюцинации. К сожалению он не знал, что щелчок, который он услышал, был не от мины, а от консервной банки, которая осталась в пустыне от другого человека, подорвавшегося на мине в этом же поле.",77,21,7,hard,56,2022-01-20,['страшные'],майк стоит на одном колене посреди пустыни уже больше суток он совершенно один у него нет ни еды ни воды но он никуда не идет в чем дело,он думает что стоит одной ногой на мине хотя это не так майку и его напарнику было поручено убить террористов но операция не удалась благодаря песчаной буре им удалось бежать и они оказались в пустыне они не сразу заметили что находятся на минном поле внезапно напарник майка подорвался на мине ему оторвало ноги и он скончался в момент взрыва майк сделал шаг и отчетливо услышал щелчок под своей ногой после чего замер он подумал что он активировал взрыватель мины это означает что если он отпустит ногу то произойдет взрыв майку удалось через рацию сообщить своему начальству о своем положении ему ответили что смогут помочь ему только через 52 часа и майк стал ждать уже спустя сутки ему было очень плохо из-за жары его стали посещать галлюцинации к сожалению он не знал что щелчок который он услышал был не от мины а от консервной банки которая осталась в пустыне от другого человека подорвавшегося на мине в этом же поле,136,925,28,158
https://yesnogame.net/stories/261,261,Кощунство,"В деревенском доме умирает любимый глава семейства. Однако, вместо того, чтобы готовиться к похоронам, любящие родственники вешают труп старика в петлю на дерево и протыкают его тело шпагой. Зачем?","Профессиональный вор задумал похитить ценную реликвию из местного монастыря. Внезапно в его семье умирает старик. Вор убеждает родных помочь ему в краже: они вешают труп на дерево и протыкают его шпагой, разыгрывая жестокое убийство, и вызывают полицию. Пока все местные полицeйские расследуют зверское ""убийство"" и долго собирают улики на ""месте преступления"", вор беспрепятственно совершает задуманное похищение.(по рассказу Честертона)",68,25,7,hard,93,2022-01-21,['страшные'],в деревенском доме умирает любимый глава семейства однако вместо того чтобы готовиться к похоронам любящие родственники вешают труп старика в петлю на дерево и протыкают его тело шпагой зачем,профессиональный вор задумал похитить ценную реликвию из местного монастыря внезапно в его семье умирает старик вор убеждает родных помочь ему в краже они вешают труп на дерево и протыкают его шпагой разыгрывая жестокое убийство и вызывают полицию пока все местные полиц йские расследуют зверское убийство и долго собирают улики на месте преступления вор беспрепятственно совершает задуманное похищение по рассказу честертона,191,425,29,60
https://yesnogame.net/stories/262,262,Неудачливая «ясновидящая»,"Она была уверена, что он думает совершенно не так! Однако, она ошибалась.","Однажды Дарья Донцова, будучи школьницей, обратилась к Валентину Катаеву. Ей в школе задали написать сочинение на тему «О чем думал Валентин Петрович Катаев, когда писал повесть „Белеет парус одинокий“» и она попросила писателя рассказать ей об этом. Валентин Катаев вместо ответа сам написал за неё сочинение, которое она переписала своим почерком. Однако учительница за сочинение поставила двойку, написав в тетради красной ручкой: «Катаев совсем не об этом думал!». Донцова показала этот текст Катаеву, и он был очень удивлен.",67,29,8,hard,93,2022-01-22,['на реальных событиях'],она была уверена что он думает совершенно не так однако она ошибалась,однажды дарья донцова будучи школьницей обратилась к валентину катаеву ей в школе задали написать сочинение на тему о чем думал валентин петрович катаев когда писал повесть белеет парус одинокий и она попросила писателя рассказать ей об этом валентин катаев вместо ответа сам написал за неё сочинение которое она переписала своим почерком однако учительница за сочинение поставила двойку написав в тетради красной ручкой катаев совсем не об этом думал донцова показала этот текст катаеву и он был очень удивлен,69,510,12,78
https://yesnogame.net/stories/263,263,Необычная смерть,"Новости: Сегодня в 2-3 часа ночи погиб известный ученный, по непонятным причинам. Он оказался в лесу, внутри дерева. Никаких отверстий в дереве не было и он не мог никак туда попасть. Ему было тяжело дышать и он скончался от нехватки кислорода. Его жена сказала что ночью, примерно в это же время, она вставала и видела как он сидел в своей мастерской и явно не собирался никуда идти. Что произошло?","Ученый несколько лет занимался разработкой машины времени. В эту ночь он её доделал и решил сразу испытать. Когда он переместился в прошлое, он вышел на улицу чтобы осмотреться и пошел туда, где в будущем будет лес. Так как это был первый запуск, то он не знал через сколько времени вернется назад. В итоге когда он пришел, его вернуло обратно, но на этом месте стояло дерево.",66,13,5,medium,123,2022-01-22,['сказочные'],новости сегодня в 2-3 часа ночи погиб известный ученный по непонятным причинам он оказался в лесу внутри дерева никаких отверстий в дереве не было и он не мог никак туда попасть ему было тяжело дышать и он скончался от нехватки кислорода его жена сказала что ночью примерно в это же время она вставала и видела как он сидел в своей мастерской и явно не собирался никуда идти что произошло,ученый несколько лет занимался разработкой машины времени в эту ночь он её доделал и решил сразу испытать когда он переместился в прошлое он вышел на улицу чтобы осмотреться и пошел туда где в будущем будет лес так как это был первый запуск то он не знал через сколько времени вернется назад в итоге когда он пришел его вернуло обратно но на этом месте стояло дерево,388,366,69,65
https://yesnogame.net/stories/264,264,Приехали,Двое мертвых мужчин сидят в своих машинах. Что произошло?,"В густом тумане водители, двигаясь по встречным полосам, высунули головы из машин, чтобы увидеть разделительную разметку. В результате они столкнулись головами.",71,16,6,medium,90,2022-02-01,"['страшные', 'про убийства']",двое мертвых мужчин сидят в своих машинах что произошло,в густом тумане водители двигаясь по встречным полосам высунули головы из машин чтобы увидеть разделительную разметку в результате они столкнулись головами,55,155,9,21
https://yesnogame.net/stories/269,269,Труба,"Две обезьяны смотрят в трубу, случайно оказавшуюся на поляне.Труба прямая, не особо длинная и не забита.Обезьяны смотрят в разные концы трубы, но не видят в ней друг друга. Почему?",Правильный ответ: обезьяны не смотрят в трубу одновременно.Существует другой логичный ответ: потому что темно.,75,11,3,easy,117,2022-02-02,"['для детей', 'смешные']",две обезьяны смотрят в трубу случайно оказавшуюся на поляне труба прямая не особо длинная и не забита обезьяны смотрят в разные концы трубы но не видят в ней друг друга почему,правильный ответ обезьяны не смотрят в трубу одновременно существует другой логичный ответ потому что темно,175,107,31,15
https://yesnogame.net/stories/272,272,Зря посмотрел в окно,Мужчина посмотрел в окно и вскоре умер. Что случилось?,"Он увидел симпатичную женщину из окна своей машины и попал аварию, повлекшую смерть.",74,9,4,medium,273,2022-02-02,"['для взрослых', 'пошлые', 'про убийства', 'страшные']",мужчина посмотрел в окно и вскоре умер что случилось,он увидел симпатичную женщину из окна своей машины и попал аварию повлекшую смерть,52,82,9,13
https://yesnogame.net/stories/273,273,Женщина,"Женщина вошла в здание в сопровождении мужчины, которого она очень любит. Но из здания она вышла уже с другим мужчиной, которого очень любит. Что произошло?","Женщина выходит за муж. Отец привел ее в церковь, и она уходит из церкви вместе с мужем.",79,4,2,easy,324,2022-02-02,"['короткие', 'пошлые']",женщина вошла в здание в сопровождении мужчины которого она очень любит но из здания она вышла уже с другим мужчиной которого очень любит что произошло,женщина выходит за муж отец привел ее в церковь и она уходит из церкви вместе с мужем,151,85,25,17
https://yesnogame.net/stories/275,275,Подстава,"Кирилла сажают в тюрьму за убийство, которое он не совершал. У Билла есть доказательства, что это был не Кирилл. Но он намерено их скрывает. Почему?","Билл — детектив. Пару лет назад он расследовал убийство, и он верит в то, что его совершил Кирилл. Но суд решил иначе и Кирилл остался на свободе.Билл решил скрывать все улики в этом новом преступлении, чтобы Кирилл понес наказание за то самое убийство.(Обратите внимание на разницу между «верить» и «знать», отвечая на вопросы)---Это распространенный мотив в литературе и кино.В «Инспекторе Лавардене» Клода Шаброля обвиняется невиновный человек, а Лаварден хранит молчание, хотя и знает о его невиновности в деле об убийстве, поскольку обвиняемый совершил и другие преступления, которые Лавардэн не может доказать.Тот же мотив появляется и в «Судья и его палач» Фридриха Дюрренматта.",71,25,6,medium,44,2022-02-03,"['детективные', 'страшные']",кирилла сажают в тюрьму за убийство которое он не совершал у билла есть доказательства что это был не кирилл но он намерено их скрывает почему,билл детектив пару лет назад он расследовал убийство и он верит в то что его совершил кирилл но суд решил иначе и кирилл остался на свободе билл решил скрывать все улики в этом новом преступлении чтобы кирилл понес наказание за то самое убийство обратите внимание на разницу между верить и знать отвечая на вопросы ---это распространенный мотив в литературе и кино в инспекторе лавардене клода шаброля обвиняется невиновный человек а лаварден хранит молчание хотя и знает о его невиновности в деле об убийстве поскольку обвиняемый совершил и другие преступления которые лавардэн не может доказать тот же мотив появляется и в судья и его палач фридриха дюрренматта,142,663,25,106
https://yesnogame.net/stories/276,276,"Карты, ствол, три трупа",В комнате за столом сидят трое мертвецов. На столе лежат игральные карты и пистолет. Что произошло?,"Два мужчины застрелились в голову, а третий — задохнулся. Комната находится в подводной лодке, которая неподвижно лежит на дне морского дна.У мужчин был пистолет всего с двумя патронами. Когда воздуха осталось совсем мало, мужчины решили сыграть в азартную игру. Победители получили право застрелиться, а проигравшему пришлось задыхаться в агонии в компании двух трупов.",85,15,7,hard,917,2022-02-03,"['страшные', 'про убийства']",в комнате за столом сидят трое мертвецов на столе лежат игральные карты и пистолет что произошло,два мужчины застрелились в голову а третий задохнулся комната находится в подводной лодке которая неподвижно лежит на дне морского дна у мужчин был пистолет всего с двумя патронами когда воздуха осталось совсем мало мужчины решили сыграть в азартную игру победители получили право застрелиться а проигравшему пришлось задыхаться в агонии в компании двух трупов,96,360,16,53
https://yesnogame.net/stories/278,278,Пол-очка,В 1940-х годах реальный футбольный матч в Бразилии закончился с необычным счетом 0.5 : 0. Что произошло?,"При счете 0:0 был назначен пенальти. Нападающий подбегает, бьет... и футбольный мяч, который тогда еще был сшит вручную, разорвался по одному из швов: внутренний резиновый пузырь влетел в ворота, а внешний кожаный чехол выкатился за ворота. Судья решил: «половина гола».Поскольку голов больше не было забито, игра завершилась со счетом 0.5 : 0.",84,7,4,medium,94,2022-02-03,"['на реальных событиях', 'исторические']",в 1940-х годах реальный футбольный матч в бразилии закончился с необычным счетом 0 5 0 что произошло,при счете 0 0 был назначен пенальти нападающий подбегает бьет и футбольный мяч который тогда еще был сшит вручную разорвался по одному из швов внутренний резиновый пузырь влетел в ворота а внешний кожаный чехол выкатился за ворота судья решил половина гола поскольку голов больше не было забито игра завершилась со счетом 0 5 0,100,327,17,54
https://yesnogame.net/stories/279,279,Вор,Человек украл кошелек. Это стало причиной его смерти. Что случилось?,"Внутри кошелька было заявление о том, что владелец этого кошелька выступает против переливания крови или трансплантации органов по религиозным соображениям. Вор попал в аварию и переливание крови спасло бы ему жизнь, но этого не сделали из-за объяснения в кошельке.",82,20,8,hard,529,2022-02-05,"['про убийства', 'страшные']",человек украл кошелек это стало причиной его смерти что случилось,внутри кошелька было заявление о том что владелец этого кошелька выступает против переливания крови или трансплантации органов по религиозным соображениям вор попал в аварию и переливание крови спасло бы ему жизнь но этого не сделали из-за объяснения в кошельке,65,261,10,39
https://yesnogame.net/stories/280,280,Утиная семья,"В озере плывет ряд из трех утят.Первый утенок говорит: «Сзади меня плывут два утёнка».Второй утёнок говорит: «Впереди меня плывёт один утёнок, а сзади плывёт еще один утёнок».Третий утёнок говорит: «Впереди меня плывут два утёнка, и еще один плывет за мной».Как такое может быть?",Третий утенок солгал.,55,10,4,medium,171,2022-02-05,['для детей'],в озере плывет ряд из трех утят первый утенок говорит сзади меня плывут два утёнка второй утёнок говорит впереди меня плывёт один утёнок а сзади плывёт еще один утёнок третий утёнок говорит впереди меня плывут два утёнка и еще один плывет за мной как такое может быть,третий утенок солгал,267,20,47,3
https://yesnogame.net/stories/282,282,Затишье,"Наступила тишина, и через несколько мгновений она умерла.","Слепая канатоходка выполняет акробатические трюки на большой высоте. По сценарию она должна была прыгнуть с каната ровно в тот момент, когда музыкант прекратит играть.В этот день музыканту нездоровилось и он внезапно потерял сознание. Музыка остановилась, канатоходка прыгнула раньше положенного времени и разбилась насмерть.",75,17,7,hard,98,2022-02-05,"['про убийства', 'страшные']",наступила тишина и через несколько мгновений она умерла,слепая канатоходка выполняет акробатические трюки на большой высоте по сценарию она должна была прыгнуть с каната ровно в тот момент когда музыкант прекратит играть в этот день музыканту нездоровилось и он внезапно потерял сознание музыка остановилась канатоходка прыгнула раньше положенного времени и разбилась насмерть,55,320,8,44
https://yesnogame.net/stories/283,283,Бой,"Он был очень спокоен. Тем не менее, они били его, пока он не закричал. После этого она была счастлива. Почему?",Девушка только что родила сына.,79,7,3,easy,247,2022-02-05,"['для взрослых', 'страшные']",он был очень спокоен тем не менее они били его пока он не закричал после этого она была счастлива почему,девушка только что родила сына,104,30,20,5
https://yesnogame.net/stories/291,291,Удары в живот,Гордон зашел в гости к Гарри и ударил его несколько раз в живот. Затем они немного переговорили и он нанес еще удары. Через пару дней Гарри умер. Что произошло?,"В 1926 году во время гастролей в Монреале в гримёрку к Гудини вошли трое студентов, один из которых, Гордон, был чемпионом колледжа по боксу. Он спросил Гудини, действительно ли тот способен выдержать несколько сильных ударов в живот, ничего при этом не почувствовав. Гудини, погружённый в свои мысли, кивнул, и студент неожиданно нанёс артисту два или три удара. Гудини еле остановил его: «Подождите, мне надо подготовиться», после чего напряг пресс — «Вот, теперь можете бить». Студент ударил пару раз и почувствовал железный брюшной пресс Гудини.Несколько дней Гарри не обращал внимания на усиливающуюся боль в области живота. Во время выступления в Детройте иллюзионист упал прямо на сцене, и его пришлось госпитализировать. У Гудини был диагностирован разрыв аппендикса, в результате которого развился перитонит. Врачи прогнозировали скорую смерть, но иллюзионист продержался несколько дней, что достаточно долго для такого случая. Гарри Гудини умер, его тело было доставлено в Нью-Йорк и похоронено в бронзовом коробе, который он использовал для своих трюков.Гарри Гуди́ни — американский иллюзионист, филантроп и актёр. Прославился разоблачением шарлатанов и сложными трюками с побегами и освобождениями.",64,21,7,hard,47,2022-02-12,"['на реальных событиях', 'страшные']",гордон зашел в гости к гарри и ударил его несколько раз в живот затем они немного переговорили и он нанес еще удары через пару дней гарри умер что произошло,в 1926 году во время гастролей в монреале в гримёрку к гудини вошли трое студентов один из которых гордон был чемпионом колледжа по боксу он спросил гудини действительно ли тот способен выдержать несколько сильных ударов в живот ничего при этом не почувствовав гудини погружённый в свои мысли кивнул и студент неожиданно нанёс артисту два или три удара гудини еле остановил его подождите мне надо подготовиться после чего напряг пресс вот теперь можете бить студент ударил пару раз и почувствовал железный брюшной пресс гудини несколько дней гарри не обращал внимания на усиливающуюся боль в области живота во время выступления в детройте иллюзионист упал прямо на сцене и его пришлось госпитализировать у гудини был диагностирован разрыв аппендикса в результате которого развился перитонит врачи прогнозировали скорую смерть но иллюзионист продержался несколько дней что достаточно долго для такого случая гарри гудини умер его тело было доставлено в нью-йорк и похоронено в бронзовом коробе который он использовал для своих трюков гарри гуди ни американский иллюзионист филантроп и актёр прославился разоблачением шарлатанов и сложными трюками с побегами и освобождениями,156,1173,29,173
https://yesnogame.net/stories/293,293,Черная птица,"Я был один в горах, изучал птиц. Я заметил неизвестную мне ранее черную птицу, когда случайно упал с высоты и сломал себе ногу. Я совершенно не мог встать. И я бы точно умер от жажды или голода, если бы не странная девушка, которая стала навещать меня каждую ночь. У неё были черные волосы, длинные ресницы и обворожительная улыбка. Она никогда не разговаривала, просто ложилась на меня и кормила из своего рта. Я думаю, что это было сырое мясо, а иногда она поила меня теплой кровью, но из-за голода я радовался любой еде. Сразу после этого она уходила.Примерно месяц спустя нога стала заживать. Я смог встать и добраться до дома, наконец поесть нормальную еду. К моему удивлению ночью она снова каким-то образом пробралась в мою комнату и разбудила меня. Она снова начала медленно залезать на меня, что-то пережевывая. Я пытался сопротивляться, но тщетно. Она силком протиснула еду в мой рот из своего и, улыбаясь, ушла. На этот раз я был сыт, поэтому почувствовал отвращение. Выплюнув всё на пол и придя в себя я смог рассмотреть в этом комке куски чьего-то глаза.Это повторялось каждую ночь. Хотя я был ей благодарен за спасение, это начало тревожить меня не на шутку. К счастью, спустя пару недель её приходы прекратились.С тех событий прошло два года. Сейчас я нахожусь на горе Фудзи, где снова встретил черную птицу. Теперь я всё понял. Мне осталось не долго. Знаете почему?","Эта девушка — демон. Ей хотелось позаботиться о главном герое, продлить его жизнь.Спустя два года после последней кормёжки она снова пришла к главному герою, но не для кормежки. Она перевоплотилась в черную птицу и унесла его в своё гнездо на горе Фудзи. Она стала откусывать от него небольшие куски плоти каждый день, чтобы перемещаться во времени и кормить его же в прошлом, ведь иначе он умер бы от голода.",62,32,8,hard,152,2022-01-26,"['японские', 'страшные']",я был один в горах изучал птиц я заметил неизвестную мне ранее черную птицу когда случайно упал с высоты и сломал себе ногу я совершенно не мог встать и я бы точно умер от жажды или голода если бы не странная девушка которая стала навещать меня каждую ночь у неё были черные волосы длинные ресницы и обворожительная улыбка она никогда не разговаривала просто ложилась на меня и кормила из своего рта я думаю что это было сырое мясо а иногда она поила меня теплой кровью но из-за голода я радовался любой еде сразу после этого она уходила примерно месяц спустя нога стала заживать я смог встать и добраться до дома наконец поесть нормальную еду к моему удивлению ночью она снова каким-то образом пробралась в мою комнату и разбудила меня она снова начала медленно залезать на меня что-то пережевывая я пытался сопротивляться но тщетно она силком протиснула еду в мой рот из своего и улыбаясь ушла на этот раз я был сыт поэтому почувствовал отвращение выплюнув всё на пол и придя в себя я смог рассмотреть в этом комке куски чьего-то глаза это повторялось каждую ночь хотя я был ей благодарен за спасение это начало тревожить меня не на шутку к счастью спустя пару недель её приходы прекратились с тех событий прошло два года сейчас я нахожусь на горе фудзи где снова встретил черную птицу теперь я всё понял мне осталось не долго знаете почему,эта девушка демон ей хотелось позаботиться о главном герое продлить его жизнь спустя два года после последней кормёжки она снова пришла к главному герою но не для кормежки она перевоплотилась в черную птицу и унесла его в своё гнездо на горе фудзи она стала откусывать от него небольшие куски плоти каждый день чтобы перемещаться во времени и кормить его же в прошлом ведь иначе он умер бы от голода,1342,399,234,69
https://yesnogame.net/stories/294,294,Коллекционерша,"У беременной женщины был шкафчик с её коллекцией. Там уже насчитывалось 8 предметов: ключ, замок, батарейка, медальон, статуэтка девочки, пешка, колпачок и кнопка. Она собиралась положить туда предмет под номером 9, но что-то пошло не так. Из-за этого она попала в больницу.","Богатый муж женщины не любил её. Даже не общался с ней и только ждал рождения ребенка. Она чувствовала, что её жизнь ничтожна и уже практически впала в депрессию, когда случайно обнаружила, что испытывает воодушевление от глотания разных небольших предметов. Это был необычно и рискованно. Когда предметы выходили естественным путем она мыла их и добавляла в свою коллекцию.Предметом под номером 9 была небольшая отвертка. К несчастью, она застряла в кишечнике и женщине пришлось лечь в больницу.",53,24,8,hard,206,2022-03-13,['для взрослых'],у беременной женщины был шкафчик с её коллекцией там уже насчитывалось 8 предметов ключ замок батарейка медальон статуэтка девочки пешка колпачок и кнопка она собиралась положить туда предмет под номером 9 но что-то пошло не так из-за этого она попала в больницу,богатый муж женщины не любил её даже не общался с ней и только ждал рождения ребенка она чувствовала что её жизнь ничтожна и уже практически впала в депрессию когда случайно обнаружила что испытывает воодушевление от глотания разных небольших предметов это был необычно и рискованно когда предметы выходили естественным путем она мыла их и добавляла в свою коллекцию предметом под номером 9 была небольшая отвертка к несчастью она застряла в кишечнике и женщине пришлось лечь в больницу,262,486,42,76
https://yesnogame.net/stories/295,295,Фантом,"Немецкая полиция совершенно растеряна. Уже на протяжении 15-ти лет один и тот же человек совершает кражи, убийства и угоны. К 2008 году они потратили 14 тысяч рабочих часов и более 15 миллионов евро, чтобы найти преступника, но так и не нашли его. Как так получилось?Это реальная история.","Главной подозреваемой была женщина, ДНК которой было обнаружено на каждом месте преступления. Но найти её не удавалось.Предполагалось, что она ведет кочевой образ жизни, потому что преступления встречались по всей Германии, а иногда и за её пределами - во Франции и Австрии.В 2009 году полиция наконец выяснила, что это была 71-летняя полька, которая много лет работала упаковщиком ватных палочек на баварской фабрике. Именно этими палочками делали ДНК-тесты.Случай вошел в историю под названием ""Фантом из Хайльбронна"".",82,21,8,hard,333,2022-03-27,"['детективные', 'на реальных событиях']",немецкая полиция совершенно растеряна уже на протяжении 15-ти лет один и тот же человек совершает кражи убийства и угоны к 2008 году они потратили 14 тысяч рабочих часов и более 15 миллионов евро чтобы найти преступника но так и не нашли его как так получилось это реальная история,главной подозреваемой была женщина днк которой было обнаружено на каждом месте преступления но найти её не удавалось предполагалось что она ведет кочевой образ жизни потому что преступления встречались по всей германии а иногда и за её пределами - во франции и австрии в 2009 году полиция наконец выяснила что это была 71-летняя полька которая много лет работала упаковщиком ватных палочек на баварской фабрике именно этими палочками делали днк-тесты случай вошел в историю под названием фантом из хайльбронна,281,509,48,77
https://yesnogame.net/stories/296,296,Спокойный пират,"Богатый пират закопал клад с драгоценностями. У него была и карта, по которой его можно было найти, но месяц спустя кто-то украл её. Пират на это никак не отреагировал. Откуда такое спокойствие?","У пирата было несколько копий карты. Он специально закопал основную часть сокровища на большой глубине, а оставшуюся часть — ближе к поверхности.Люди, которые найдут первый клад на поверхности, подумают, что это и были все сокровища. Вдобавок они распространят слухи о том, что сокровища украдены и на карту пирата перестанут охотиться.",76,10,6,medium,76,2022-04-10,['для детей'],богатый пират закопал клад с драгоценностями у него была и карта по которой его можно было найти но месяц спустя кто-то украл её пират на это никак не отреагировал откуда такое спокойствие,у пирата было несколько копий карты он специально закопал основную часть сокровища на большой глубине а оставшуюся часть ближе к поверхности люди которые найдут первый клад на поверхности подумают что это и были все сокровища вдобавок они распространят слухи о том что сокровища украдены и на карту пирата перестанут охотиться,188,326,32,50
https://yesnogame.net/stories/297,297,Дорогая подделка,"Когда выяснилась, что картина поддельная, её стоимость увеличилась в 10 раз. Как так получилось?","К палатке одного антиквара подходит дама, долго смотрит картины и останавливается на одной с надписью: „И. Репин“; на ней ярлык: десять рублей.— Вот вам десять рублей. Я беру картину. Но если она не настоящая, то принесу обратно. Я буду у знакомых, где сегодня Репин обедает, и покажу ему.Приносит дама к знакомым картину и показывает ее И. Е. Репину. Тот хохочет. Просит перо и чернила и подписывает внизу картины: „Это не Репин. И. Репин“.Картина эта опять попала на Сухаревку и была продана благодаря репинскому автографу за сто рублей».Фрагмент из книги Владимира Гиляровского «Москва и москвичи», 1926",80,22,7,hard,61,2022-04-10,['на реальных событиях'],когда выяснилась что картина поддельная её стоимость увеличилась в 10 раз как так получилось,к палатке одного антиквара подходит дама долго смотрит картины и останавливается на одной с надписью и репин на ней ярлык десять рублей вот вам десять рублей я беру картину но если она не настоящая то принесу обратно я буду у знакомых где сегодня репин обедает и покажу ему приносит дама к знакомым картину и показывает ее и е репину тот хохочет просит перо и чернила и подписывает внизу картины это не репин и репин картина эта опять попала на сухаревку и была продана благодаря репинскому автографу за сто рублей фрагмент из книги владимира гиляровского москва и москвичи 1926,92,578,14,98
https://yesnogame.net/stories/298,298,Пьянка,"В комнате трое пьяных мужчин и труп. Мужчины не желают разговаривать с полицейскими, однако они и без этого быстро определили убийцу. Как?","На столе стояла бутылка с кровавым следом от головы убитого мужчины. Было очевидно, что это и есть орудие убийства. На нем были отпечатки всех четырех мужчин. Однако только отпечатки одного мужчины были перевернуты. Это доказывало, что именно он совершил удар, держа бутылку как дубину.",78,13,5,medium,163,2022-04-11,"['про убийства', 'детективные']",в комнате трое пьяных мужчин и труп мужчины не желают разговаривать с полицейскими однако они и без этого быстро определили убийцу как,на столе стояла бутылка с кровавым следом от головы убитого мужчины было очевидно что это и есть орудие убийства на нем были отпечатки всех четырех мужчин однако только отпечатки одного мужчины были перевернуты это доказывало что именно он совершил удар держа бутылку как дубину,134,278,22,44
https://yesnogame.net/stories/299,299,Находчивая женщина,"В дом к женщине проникли воры. Она закрылась в своей комнате и позвонила в полицию. Ей ответили, что прямо сейчас нет свободных патрульных машин и ей придется подождать.Ждать она не стала. Через 5 минут у её дома уже было 3 патрульные машины и скорая помощь. Что она сделала?","Через 2 минуты женщина снова позвонила в полицию и сообщила, что сама перестреляла всех воров.В итоге полицейские тут же приехали и успешно задержали нарушителей. Так женщина выяснила, что свободные машины всё-таки были.",75,7,3,easy,72,2022-04-11,"['про убийства', 'детективные']",в дом к женщине проникли воры она закрылась в своей комнате и позвонила в полицию ей ответили что прямо сейчас нет свободных патрульных машин и ей придется подождать ждать она не стала через 5 минут у её дома уже было 3 патрульные машины и скорая помощь что она сделала,через 2 минуты женщина снова позвонила в полицию и сообщила что сама перестреляла всех воров в итоге полицейские тут же приехали и успешно задержали нарушителей так женщина выяснила что свободные машины всё-таки были,269,216,49,33
https://yesnogame.net/stories/300,300,Сон с перемещением,"Соня очень устала и заснула. Она оказалась в совершенно другом месте, когда проснулась. Что произошло?","Соня летела в самолёте. Когда она проснулась, самолёт уже совершил посадку в другом городе.",76,4,2,easy,233,2022-04-15,"['для детей', 'короткие']",соня очень устала и заснула она оказалась в совершенно другом месте когда проснулась что произошло,соня летела в самолёте когда она проснулась самолёт уже совершил посадку в другом городе,98,88,15,14
https://yesnogame.net/stories/301,301,Два парашюта,"В США во время взлета самолета террорист потребовал миллион долларов и два парашюта. Его требования выполнили. Затем самолет взлетел и, когда они пролетали пустыню, террорист выпрыгнул с деньгами. Его так и не нашли.Зачем террорист попросил два парашюта?","В США терроризм карается смертной казнью. Поэтому он опасался, что ему специально выдадут испорченный парашют.Полиция не могла знать зачем преступнику второй парашют, возможно для заложника. Поэтому чтобы не рисковать жизнью мирных людей, оба парашюта точно должны были быть исправными.",80,9,5,medium,96,2022-04-16,"['детективные', 'страшные']",в сша во время взлета самолета террорист потребовал миллион долларов и два парашюта его требования выполнили затем самолет взлетел и когда они пролетали пустыню террорист выпрыгнул с деньгами его так и не нашли зачем террорист попросил два парашюта,в сша терроризм карается смертной казнью поэтому он опасался что ему специально выдадут испорченный парашют полиция не могла знать зачем преступнику второй парашют возможно для заложника поэтому чтобы не рисковать жизнью мирных людей оба парашюта точно должны были быть исправными,248,280,38,40
https://yesnogame.net/stories/302,302,Жуткая игра,"Жасмин как обычно играла в свою любимую игру, когда в неё неожиданно начали стрелять. Что произошло?","Мужчины приехали охотиться на замерзшее озеро. Чтобы сделать полынью для птиц, они зажгли динамит и бросили его подальше от себя на лед.Жасмин, любимая собака одного из мужчин, подумала что это палка и что её надо принести хозяину, чтобы поиграть. Когда она схватила динамит и побежала обратно, напуганные мужчины стали стрелять в сторону Жасмин, в надежде что она испугается и выронит его.К сожалению, вместо этого она спряталась под джипом и взорвалась вместе с ним.",76,18,7,hard,88,2022-04-16,"['страшные', 'про убийства']",жасмин как обычно играла в свою любимую игру когда в неё неожиданно начали стрелять что произошло,мужчины приехали охотиться на замерзшее озеро чтобы сделать полынью для птиц они зажгли динамит и бросили его подальше от себя на лед жасмин любимая собака одного из мужчин подумала что это палка и что её надо принести хозяину чтобы поиграть когда она схватила динамит и побежала обратно напуганные мужчины стали стрелять в сторону жасмин в надежде что она испугается и выронит его к сожалению вместо этого она спряталась под джипом и взорвалась вместе с ним,97,458,16,75
https://yesnogame.net/stories/303,303,Наказание,Убийца был жестоко наказан своей жертвой. Причем моментально. Как?,"Мужчина решил сбить снеговика на своей машине, хорошенько разогнавшись. Оказалось, что в основе снеговика был железный столб, торчащий из земли.",80,16,6,medium,240,2022-04-16,"['про убийства', 'детективные', 'новогодние', 'страшные']",убийца был жестоко наказан своей жертвой причем моментально как,мужчина решил сбить снеговика на своей машине хорошенько разогнавшись оказалось что в основе снеговика был железный столб торчащий из земли,63,139,9,20
https://yesnogame.net/stories/304,304,Гонщик,"Вася сел в машину и поехал, однако через пять минут машина оказалась в том же месте, откуда он начинал движение. Что случилось?","Вася был на карусели. Он сел в машинку, и она ездила по кругу.",72,6,3,easy,113,2022-04-16,['для детей'],вася сел в машину и поехал однако через пять минут машина оказалась в том же месте откуда он начинал движение что случилось,вася был на карусели он сел в машинку и она ездила по кругу,123,59,22,13
https://yesnogame.net/stories/305,305,Слишком много!,"Мужчине по ошибке продали товара на килограмм больше, чем он просил, но он из-за этого расстроился. Почему?","Мужчина покупал гантели, и продавец по ошибке дал ему гантели на килограмм тяжелее. Мужчине было неудобно заниматься, и он подумал, что совсем потерял форму.",70,10,5,medium,133,2022-04-16,"['смешные', 'для детей', 'короткие']",мужчине по ошибке продали товара на килограмм больше чем он просил но он из-за этого расстроился почему,мужчина покупал гантели и продавец по ошибке дал ему гантели на килограмм тяжелее мужчине было неудобно заниматься и он подумал что совсем потерял форму,103,152,17,24
https://yesnogame.net/stories/306,306,Лжец,"Муж соврал жене, что на заднем дворе их дома закопано оружие. Зачем ?","Он сидел в тюрьме и знал, что его переписку читают. Он хотел сделать своей жене подарок на день рождения: помочь вскопать огород.Полицейские отлично справились с этой задачей, в поисках оружия.",84,13,5,medium,426,2022-04-16,"['смешные', 'детективные']",муж соврал жене что на заднем дворе их дома закопано оружие зачем,он сидел в тюрьме и знал что его переписку читают он хотел сделать своей жене подарок на день рождения помочь вскопать огород полицейские отлично справились с этой задачей в поисках оружия,65,188,12,31
https://yesnogame.net/stories/307,307,Бесцветные года,Из-за того что преступник был дальтоником к его сроку в тюрьме добавили 5 лет. Как так?,"Заключенный в тюрьме строил стену, в рамках исправительных работ. А ночью он рыл подкоп, доставая из стены кирпичи. Вынутые кирпичи он тайком вставлял  в стену.Попытка побега быстро вскрылась, потому что кирпичи были разного цвета. За это ему добавили 5 лет к уже имеющемуся сроку.",72,14,6,medium,104,2022-04-17,['детективные'],из-за того что преступник был дальтоником к его сроку в тюрьме добавили 5 лет как так,заключенный в тюрьме строил стену в рамках исправительных работ а ночью он рыл подкоп доставая из стены кирпичи вынутые кирпичи он тайком вставлял в стену попытка побега быстро вскрылась потому что кирпичи были разного цвета за это ему добавили 5 лет к уже имеющемуся сроку,85,273,16,45
https://yesnogame.net/stories/308,308,Судьбоносная встреча,В купе случайно встретились две женщины. По этой причине незнакомый им мужчина сел в тюрьму. Что произошло?,"У одной из женщин была шуба из соболя, а у другой — аллергия на кошачью шерсть.У той что аллергия случился сильнейший приступ аллергии. Благодаря этому выяснилось, что шуба на самом деле сделана из кошачьей шерсти.Женщина обратилась в полицию и через какое-то время директор меховой фабрики получил наказание в виде лишения свободы.",85,20,8,hard,739,2022-04-16,['детективные'],в купе случайно встретились две женщины по этой причине незнакомый им мужчина сел в тюрьму что произошло,у одной из женщин была шуба из соболя а у другой аллергия на кошачью шерсть у той что аллергия случился сильнейший приступ аллергии благодаря этому выяснилось что шуба на самом деле сделана из кошачьей шерсти женщина обратилась в полицию и через какое-то время директор меховой фабрики получил наказание в виде лишения свободы,104,326,17,52
https://yesnogame.net/stories/309,309,Нечего опаздывать!,Билл опоздал на день рождения и из-за этого попал в тюрьму. Что произошло?,"День рождения было у священника. Во время своего тоста он рассказал, что первый исповедавшийся у него человек был убийцей.Билл пришел на день рождения чуть позже. Во время тоста за священника он сообщил всем гостям, что именно он был первым исповедавшимся.",81,33,9,hard,930,2022-04-17,"['детективные', 'страшные']",билл опоздал на день рождения и из-за этого попал в тюрьму что произошло,день рождения было у священника во время своего тоста он рассказал что первый исповедавшийся у него человек был убийцей билл пришел на день рождения чуть позже во время тоста за священника он сообщил всем гостям что именно он был первым исповедавшимся,72,251,13,41
https://yesnogame.net/stories/310,310,Новая куртка,"Биллу нужна была новая куртка. Как ему удалось заполучить её, не потратив ни копейки?","Пока Билл был на рынке, к нему подошла цыганка и предложила купить куртку у неё.Билл спросил цену, достал большую пачку денег, пересчитал её, а затем сунул обратно в карман своего старого плаща.Затем он снял плащ и попросил цыганку подержать его, пока он будет мерить куртку.Цыганка не сдержалась и убежала с плащом, надеясь заполучить пачку денег из кармана. Билл был только рад. Она не знала, что плащ был дырявым и Билл на самом деле хранил деньги в кармане брюк.",81,20,7,hard,232,2022-04-18,['смешные'],биллу нужна была новая куртка как ему удалось заполучить её не потратив ни копейки,пока билл был на рынке к нему подошла цыганка и предложила купить куртку у неё билл спросил цену достал большую пачку денег пересчитал её а затем сунул обратно в карман своего старого плаща затем он снял плащ и попросил цыганку подержать его пока он будет мерить куртку цыганка не сдержалась и убежала с плащом надеясь заполучить пачку денег из кармана билл был только рад она не знала что плащ был дырявым и билл на самом деле хранил деньги в кармане брюк,82,456,14,81
https://yesnogame.net/stories/311,311,На обратной стороне...,"Человек пообедал в ресторане, ему принесли счёт. Он выписал чек на требуемую сумму, а потом неожиданно перевернул его и на обратной стороне чека написал несколько слов в качестве поздравления хозяину ресторана. Зачем?","Сальвадор Дали был известен не только своими эксцентричными выходками, но и непомерной любовью к деньгам. Зарабатывая миллионы на своих картинах и многочисленных коммерческих проектах, знаменитый сюрреалист не гнушался экономить на походах в рестораны. Собрав большую группу друзей, Дали мог целый вечер угощать всех любыми блюдами и напитками из меню. Когда приходило время платить по счёту, художник щедрой рукой подписывал чек на огромную сумму, а затем переворачивал чек и писал несколько тёплых слов в благодарность хозяину заведения.Расчёт был прост: пользуясь своей славой живого гения, он был уверен, что хозяин ресторана ни за что не решится обналичить чек с автографом самого Сальвадора Дали! Так оно обычно и бывало: рестораторы понимали, что смогут со временем выручить гораздо больше за этот чек, чем просто сумма по счёту, ну, а Дали экономил кучу денег.Автор данетки: Азарапетыч (http://www.danetka.ru/cgi-bin/info.pl?uid=4167)",83,17,7,hard,273,2022-04-20,['на реальных событиях'],человек пообедал в ресторане ему принесли счёт он выписал чек на требуемую сумму а потом неожиданно перевернул его и на обратной стороне чека написал несколько слов в качестве поздравления хозяину ресторана зачем,сальвадор дали был известен не только своими эксцентричными выходками но и непомерной любовью к деньгам зарабатывая миллионы на своих картинах и многочисленных коммерческих проектах знаменитый сюрреалист не гнушался экономить на походах в рестораны собрав большую группу друзей дали мог целый вечер угощать всех любыми блюдами и напитками из меню когда приходило время платить по счёту художник щедрой рукой подписывал чек на огромную сумму а затем переворачивал чек и писал несколько тёплых слов в благодарность хозяину заведения расчёт был прост пользуясь своей славой живого гения он был уверен что хозяин ресторана ни за что не решится обналичить чек с автографом самого сальвадора дали так оно обычно и бывало рестораторы понимали что смогут со временем выручить гораздо больше за этот чек чем просто сумма по счёту ну а дали экономил кучу денег автор данетки азарапетыч - 4167,212,882,32,135
https://yesnogame.net/stories/312,312,Мармелад поможет,С помощью мармелада Билл смог безнаказанно прогулять школу. Как?,"В 2010 году австралийские школы начали использовать сканеры отпечатков пальцев для проверки посещаемости среди старшеклассников. Билл узнал, что эти сканеры легко обойти с помощью желатина, на основе которого сделаны мармеладовые мишки.Он приложил свой палец к мишке и договорился с одноклассником, что он приложит его к сканеру вместо него, чтобы школьная система считала, что Билл присутствует на занятиях. Сканнер успешно распознал отпечаток пальца.",83,18,7,hard,231,2022-05-15,"['детективные', 'на реальных событиях']",с помощью мармелада билл смог безнаказанно прогулять школу как,в 2010 году австралийские школы начали использовать сканеры отпечатков пальцев для проверки посещаемости среди старшеклассников билл узнал что эти сканеры легко обойти с помощью желатина на основе которого сделаны мармеладовые мишки он приложил свой палец к мишке и договорился с одноклассником что он приложит его к сканеру вместо него чтобы школьная система считала что билл присутствует на занятиях сканнер успешно распознал отпечаток пальца,62,444,9,63
https://yesnogame.net/stories/313,313,Карманники,"Как-то раз на одной из главных площадей Праги были развешаны объявления с сообщением: ""Осторожно! Здесь работают карманники!"". Местные полицейские знали, что здесь действительно много карманников, но они активно срывали эти объявления. Зачем?","На этой площади было много туристов. Карманники сами развешивали объявления о себе. Это упрощало им задачу. Люди, читавшие объявления, машинально начинали проверять на месте ли их ценности. Воры в это время наблюдали и понимали, где лежит их цель.Полицейские, прознавшие о такой хитрости, эти объявления срывали, чтобы не дать людям неосознанно помочь себя обокрасть.",87,10,6,medium,1796,2022-07-23,"['детективные', 'для детей', 'на реальных событиях', 'смешные']",как-то раз на одной из главных площадей праги были развешаны объявления с сообщением осторожно здесь работают карманники местные полицейские знали что здесь действительно много карманников но они активно срывали эти объявления зачем,на этой площади было много туристов карманники сами развешивали объявления о себе это упрощало им задачу люди читавшие объявления машинально начинали проверять на месте ли их ценности воры в это время наблюдали и понимали где лежит их цель полицейские прознавшие о такой хитрости эти объявления срывали чтобы не дать людям неосознанно помочь себя обокрасть,232,356,32,54
https://yesnogame.net/stories/315,315,Убийство в машине,Иларион умер от ножевого ранения в своей машине. При этом двери были заперты. Автомобиль не поврежден: все окна целы и подняты в максимальное положение. Как это могло случиться?,Иларион сидел в своем в кабриолете.,75,9,4,medium,87,2022-08-08,"['про убийства', 'страшные']",иларион умер от ножевого ранения в своей машине при этом двери были заперты автомобиль не поврежден все окна целы и подняты в максимальное положение как это могло случиться,иларион сидел в своем в кабриолете,172,34,28,6
https://yesnogame.net/stories/316,316,Отключение тока,Алексей работает в крупном банке. Однажды неожиданно во всем городе массово отключилось электричество. Через несколько минут он получил удар током. Как это произошло?,"Алексей работал удаленно и в этот день решил поработать из парка, сидя на скамейке. В это время образовался сильнейший шторм. Когда он отправился домой в него его ударила молния.По данным National Geographic, ежегодно во всем мире от удара молнии погибает около 2000 человек. Еще в 10 раз больше людей получают серьезные травмы.",56,17,4,medium,80,2022-08-29,"['на реальных событиях', 'страшные', 'для детей']",алексей работает в крупном банке однажды неожиданно во всем городе массово отключилось электричество через несколько минут он получил удар током как это произошло,алексей работал удаленно и в этот день решил поработать из парка сидя на скамейке в это время образовался сильнейший шторм когда он отправился домой в него его ударила молния по данным ежегодно во всем мире от удара молнии погибает около 2000 человек еще в 10 раз больше людей получают серьезные травмы,162,302,23,51
https://yesnogame.net/stories/320,320,"Уголь, морковь и шляпа","Угольки, морковка и шляпа лежат на траве в саду. Никто их сюда не складывал намерено, однако их нахождение здесь объясняется вполне логично. Как?","Он остатки от растаявшего снеговика.Угольки были глазами, ртом и пуговицами, а морковка — носом.",75,7,3,easy,137,2022-09-03,"['для детей', 'новогодние']",угольки морковка и шляпа лежат на траве в саду никто их сюда не складывал намерено однако их нахождение здесь объясняется вполне логично как,он остатки от растаявшего снеговика угольки были глазами ртом и пуговицами а морковка носом,140,91,23,14
https://yesnogame.net/stories/321,321,Адам и Ева,"Бил умер и попал в рай. Там он обнаружил тысячи людей, все они были обнажены. Он смотрел по сторонам в надежде найти знакомых. И тут он увидел самих Адама и Еву.Как он понял, что это они?",Только у Адама и Евы не было пупков.,84,8,4,medium,398,2022-09-03,['исторические'],бил умер и попал в рай там он обнаружил тысячи людей все они были обнажены он смотрел по сторонам в надежде найти знакомых и тут он увидел самих адама и еву как он понял что это они,только у адама и евы не было пупков,181,35,37,8
https://yesnogame.net/stories/322,322,"Бах, бах, бах!","Множество свидетелей наблюдало, как Билл пострадал после получения третьего выстрела. Однако стрелок остался на свободе. Что произошло?","Билл работал ""Человеком-ядром"" в цирке. В этот день, на своем третьем представлении, он как обычно был выстрелян из пушки, но неудачно приземлился на сетку.",65,13,5,medium,80,2022-09-03,"['страшные', 'для детей']",множество свидетелей наблюдало как билл пострадал после получения третьего выстрела однако стрелок остался на свободе что произошло,билл работал человеком-ядром в цирке в этот день на своем третьем представлении он как обычно был выстрелян из пушки но неудачно приземлился на сетку,131,149,17,24
https://yesnogame.net/stories/329,329,Выстрел,Человек выстрелил когда вокруг было много толпы. Сразу после выстрела люди начали убегать. Через некоторое время машина скорой помощи забрала одного раненого. Стрелявшего никто не арестовал.,"Мужчина выстрелил из стартового пистолета, чтобы открыть марафон. Один из бегунов покалечился в начале состязания.",83,9,3,easy,59,2022-09-05,"['страшные', 'детективные']",человек выстрелил когда вокруг было много толпы сразу после выстрела люди начали убегать через некоторое время машина скорой помощи забрала одного раненого стрелявшего никто не арестовал,мужчина выстрелил из стартового пистолета чтобы открыть марафон один из бегунов покалечился в начале состязания,186,111,26,15
https://yesnogame.net/stories/333,333,Алло!,Женщина умирает от слишком долгого разговора по телефону.,"Женщине только что заменили шины на машине. Механики не смогли связаться с ней, потому что она разговаривала с подругой. Они забыли затянуть болты и хотели срочно сообщить ей об этом.На первом же повороте она не справилась с управлением и врезалась в дерево.",78,17,6,medium,166,2022-09-05,"['про убийства', 'страшные']",женщина умирает от слишком долгого разговора по телефону,женщине только что заменили шины на машине механики не смогли связаться с ней потому что она разговаривала с подругой они забыли затянуть болты и хотели срочно сообщить ей об этом на первом же повороте она не справилась с управлением и врезалась в дерево,56,254,8,43
https://yesnogame.net/stories/334,334,Шампанское,"Арина и Аксинья открывают багажник, чтобы достать оттуда труп и спрятать его. Но вместо этого обнаружили там шампанское. Что произошло?","Аксинья отмечала день рождения с друзьями. Она попросила отца одолжить ей машину вечером после окончания рабочего дня. Но когда отец приехал, он рассказал всем, что по пути случайно сбил насмерть человека, а труп положил в багажник.Затем он убедил дочь, что она должна срочно спрятать тело со своими друзьями, чтобы скрыть несчастный случай. Все друзья, кроме Арины, тут же сослались на неотложные дела и ушли. И вот они вдвоем подъехали к реке, открывают багажник, а там шампанское, шарики, цветы и записка: ""Дорогая дочь, справляй день рождения с настоящими друзьями!""",77,19,7,hard,149,2022-10-18,"['детективные', 'страшные']",арина и аксинья открывают багажник чтобы достать оттуда труп и спрятать его но вместо этого обнаружили там шампанское что произошло,аксинья отмечала день рождения с друзьями она попросила отца одолжить ей машину вечером после окончания рабочего дня но когда отец приехал он рассказал всем что по пути случайно сбил насмерть человека а труп положил в багажник затем он убедил дочь что она должна срочно спрятать тело со своими друзьями чтобы скрыть несчастный случай все друзья кроме арины тут же сослались на неотложные дела и ушли и вот они вдвоем подъехали к реке открывают багажник а там шампанское шарики цветы и записка дорогая дочь справляй день рождения с настоящими друзьями,131,550,20,89
https://yesnogame.net/stories/335,335,Карьерный рост,Александр проработал в одной компании 11 лет на одной должности. И тут ему предложили повышение. Он немедленно уволился и куда-то переехал. Почему?,"Александр работал водителем бульдозера на свалках. Он хорошо зарабатывал тем, что помогал местной мафии скрывать трупы в их недрах.Когда его руководитель предложил повышение до бригадира, чтобы убрать одну из свалок и начать рыть там котлован для строительства дома, преданность компании сразу же испарилась.",80,25,8,hard,215,2022-10-18,"['детективные', 'страшные']",александр проработал в одной компании 11 лет на одной должности и тут ему предложили повышение он немедленно уволился и куда-то переехал почему,александр работал водителем бульдозера на свалках он хорошо зарабатывал тем что помогал местной мафии скрывать трупы в их недрах когда его руководитель предложил повышение до бригадира чтобы убрать одну из свалок и начать рыть там котлован для строительства дома преданность компании сразу же испарилась,143,303,22,44
https://yesnogame.net/stories/336,336,На легке,"Они вынужденно выбрасывали кучу своих ценностей, но не расстраивались из-за этого. Что произошло?",Это были контрабандисты спиртного в США во время сухого закона. Они были готовы к внезапному таможенному контролю. К каждому ящику заранее привязывались мешки с солью. При возникновении опасности их бросали в воду. Через какое-то время соль растворялась в воде и груз всплывал обратно.,85,21,8,hard,374,2022-11-19,"['детективные', 'на реальных событиях']",они вынужденно выбрасывали кучу своих ценностей но не расстраивались из-за этого что произошло,это были контрабандисты спиртного в сша во время сухого закона они были готовы к внезапному таможенному контролю к каждому ящику заранее привязывались мешки с солью при возникновении опасности их бросали в воду через какое-то время соль растворялась в воде и груз всплывал обратно,94,280,13,43
https://yesnogame.net/stories/337,337,Джинсы,Дело было в СССР. У Анатолия были крутые джинсы. Из-за них он и погиб. Что случилось?,"Анатолий Кожемякин (1953 — 1974) — футболист, нападающий московского «Динамо» и сборной СССР.Лифт, в котором Кожемякин ехал вместе с приятелем, остановился между этажами. Диспетчер не отвечал. Пассажиры решили покинуть лифт самостоятельно, не дожидаясь электромеханика. Раздвинув двери, приятель выбрался на площадку, а Кожемякин замешкался — не хотелось запачкать машинным маслом новые джинсы. Он сумел лишь наполовину выйти из лифта, когда тот резко тронулся. От полученных травм Кожемякин погиб на месте.---Кожемякин слушал рок-музыку, одним из первых начал ходить в джинсах. Увидев Анатолия в джинсовом костюме, Лев Яшин нахмурился: «Вырядился как водопроводчик!». В интервью Владимир Пильгуй упомянул, что это тот самый костюм, в котором погиб Кожемякин.",72,24,8,hard,91,2022-11-19,"['на реальных событиях', 'про убийства', 'страшные']",дело было в ссср у анатолия были крутые джинсы из-за них он и погиб что случилось,анатолий кожемякин 1953 1974 футболист нападающий московского динамо и сборной ссср лифт в котором кожемякин ехал вместе с приятелем остановился между этажами диспетчер не отвечал пассажиры решили покинуть лифт самостоятельно не дожидаясь электромеханика раздвинув двери приятель выбрался на площадку а кожемякин замешкался не хотелось запачкать машинным маслом новые джинсы он сумел лишь наполовину выйти из лифта когда тот резко тронулся от полученных травм кожемякин погиб на месте ---кожемякин слушал рок-музыку одним из первых начал ходить в джинсах увидев анатолия в джинсовом костюме лев яшин нахмурился вырядился как водопроводчик в интервью владимир пильгуй упомянул что это тот самый костюм в котором погиб кожемякин,81,726,16,102
https://yesnogame.net/stories/338,338,Пожарный,"Диалог в магазине:— нарежьте мне вон той колбасы, но не поперек, а вдоль.— Вы пожарный?— Да.Как продавщица догадалась?",Пожарный был в форме.,78,3,2,easy,263,2022-11-19,"['смешные', 'для детей']",диалог в магазине нарежьте мне вон той колбасы но не поперек а вдоль вы пожарный да как продавщица догадалась,пожарный был в форме,109,20,19,4
https://yesnogame.net/stories/339,339,Наследство,Нина ожидала получить большое наследство от бабушки. И вот она открыла конверт и обнаружила там чек всего на 20 долларов. Это её не на шутку разозлило и она выбросила его.Вскоре её горничная  уволилась и разбогатела. Как?,Бабушка была большой шутницей. На конверт с чеком была наклеена коллекционная марка стоимостью около миллиона долларов.,84,10,4,medium,445,2022-11-20,['детективные'],нина ожидала получить большое наследство от бабушки и вот она открыла конверт и обнаружила там чек всего на 20 долларов это её не на шутку разозлило и она выбросила его вскоре её горничная уволилась и разбогатела как,бабушка была большой шутницей на конверт с чеком была наклеена коллекционная марка стоимостью около миллиона долларов,216,117,37,16
https://yesnogame.net/stories/340,340,Украденное,"Чарли подбросили украденное. Он попытался избавиться от этого, но в результате обрел еще больше. Как так получилось?","Однажды после поездки в метро в Нью-Йорке Чарли Чаплин обнаружил в кармане золотые часы. Он даже представить не мог, как чужие часы оказались у него в кармане и отнес их в полицию.Уже на следующий день ему доставили письма с сообщением:Дорогой мистер Чаплин! Пишет вам профессиональный карманник. Вчера в метро я украл у одного господина золотые часы, но, увидев вас, решил сделать подарок и опустил их в ваш карман.Через год полиция все также не могла найти ни вора, ни владельца часов. А потому золотые часы отправили обратно Чарли. Об этом случае написали в газетах, он стал широко известен в стране и через некоторое время Чаплин получил очередное письмо:Дорогой мистер Чаплин! Год назад я ехал в метро, и у меня украли часы. Я прочёл в газетах, что какой-то карманник подарил их вам. Пусть мои часы останутся у вас, мистер Чаплин. А так как я не меньший почитатель вашего необыкновенного таланта, чем вор-карманник, то посылаю к часам и золотую цепочку.",81,25,8,hard,130,2022-11-21,['на реальных событиях'],чарли подбросили украденное он попытался избавиться от этого но в результате обрел еще больше как так получилось,однажды после поездки в метро в нью-йорке чарли чаплин обнаружил в кармане золотые часы он даже представить не мог как чужие часы оказались у него в кармане и отнес их в полицию уже на следующий день ему доставили письма с сообщением дорогой мистер чаплин пишет вам профессиональный карманник вчера в метро я украл у одного господина золотые часы но увидев вас решил сделать подарок и опустил их в ваш карман через год полиция все также не могла найти ни вора ни владельца часов а потому золотые часы отправили обратно чарли об этом случае написали в газетах он стал широко известен в стране и через некоторое время чаплин получил очередное письмо дорогой мистер чаплин год назад я ехал в метро и у меня украли часы я прочёл в газетах что какой-то карманник подарил их вам пусть мои часы останутся у вас мистер чаплин а так как я не меньший почитатель вашего необыкновенного таланта чем вор-карманник то посылаю к часам и золотую цепочку,112,937,17,161
https://yesnogame.net/stories/341,341,Левши в гольфе,"Хотя среди профессионалов гольфа левшей очень мало, большинство клубов стремится держать леворуких тренеров. Почему?","Одна из важнейших задач профессионалов в гольф-клубах — это обучение игроков. Большинство игроков — правши. Такой ученик становится против наставника-левши, наблюдает и старается копировать все его движения. Это похоже на то, что человек смотрит в зеркало, поэтому правильные замахи и удары осваиваются легче.",68,3,2,easy,96,2023-01-18,['короткие'],хотя среди профессионалов гольфа левшей очень мало большинство клубов стремится держать леворуких тренеров почему,одна из важнейших задач профессионалов в гольф-клубах это обучение игроков большинство игроков правши такой ученик становится против наставника-левши наблюдает и старается копировать все его движения это похоже на то что человек смотрит в зеркало поэтому правильные замахи и удары осваиваются легче,113,298,14,41
https://yesnogame.net/stories/342,342,Глухой,"Глухому человеку понадобилось кое-что распилить. Он пошел в лавку, где продавались скобяные изделия. Как объяснил он продавцу, что ему нужна пила?","Глухой человек сказал: ""Я хочу купить пилу».",74,5,2,easy,413,2023-01-18,"['смешные', 'для детей', 'короткие']",глухому человеку понадобилось кое-что распилить он пошел в лавку где продавались скобяные изделия как объяснил он продавцу что ему нужна пила,глухой человек сказал я хочу купить пилу,141,40,21,7
https://yesnogame.net/stories/345,345,Не виновен?,"Игорь пришел домой к Артемию чтобы убить его. Он этого не сделал, однако его немедленно арестовали и посадили в тюрьму за преступление. Что произошло?","Игорь — киллер.Некий человек хотел убить Артемия, а также избавится от Игоря, отправив его за решетку. Для этого он нанял сразу двух киллеров для убийства Артемия, не сообщая им об этом. При этом Игорь должен был приехать на убийство позже другого киллера.Когда Игорь приехал, Артемий был уже мертв, а полиция была в пути.",71,9,5,medium,13,2023-04-01,"['про убийства', 'детективные', 'страшные']",игорь пришел домой к артемию чтобы убить его он этого не сделал однако его немедленно арестовали и посадили в тюрьму за преступление что произошло,игорь киллер некий человек хотел убить артемия а также избавится от игоря отправив его за решетку для этого он нанял сразу двух киллеров для убийства артемия не сообщая им об этом при этом игорь должен был приехать на убийство позже другого киллера когда игорь приехал артемий был уже мертв а полиция была в пути,146,312,24,54
https://yesnogame.net/stories/348,348,Да начнется вечеринка!,Билл увольняется и устраивает крупную вечеринку на всю ночь. Следующим утром он одевается и выпрыгивает с балкона. Почему?,"Билл выиграл много денег в лотерее. Он увольняется и празднует это со своими друзьями. На следующее утро он обнаружил, что его выигрышный билет уничтожен — Билл забыл вынуть его перед стиркой из одежды. В отчаянии он решил покончить с собой.",76,17,7,hard,33,2023-04-01,"['про убийства', 'страшные']",билл увольняется и устраивает крупную вечеринку на всю ночь следующим утром он одевается и выпрыгивает с балкона почему,билл выиграл много денег в лотерее он увольняется и празднует это со своими друзьями на следующее утро он обнаружил что его выигрышный билет уничтожен билл забыл вынуть его перед стиркой из одежды в отчаянии он решил покончить с собой,119,234,18,39
https://yesnogame.net/stories/359,359,Лобовое стекло,"Женщина столкнулась с автомобилем, разбив лобовое стекло, и упала на землю. Водитель срочно позвонил в полицию. Прибыв на место происшествия, полицейский обнаружил пострадавшую и взял её под стражу. Почему?","Женщина сама кинулась на лобовое стекло автомобиля, который ехал с очень низкой скоростью, чтобы страховая компания выплатила ей компенсацию. Однако её замысел не удался, поскольку видеорегистратор записал всё происшествие.",72,3,2,easy,24,2023-04-20,"['страшные', 'детективные']",женщина столкнулась с автомобилем разбив лобовое стекло и упала на землю водитель срочно позвонил в полицию прибыв на место происшествия полицейский обнаружил пострадавшую и взял её под стражу почему,женщина сама кинулась на лобовое стекло автомобиля который ехал с очень низкой скоростью чтобы страховая компания выплатила ей компенсацию однако её замысел не удался поскольку видеорегистратор записал всё происшествие,199,218,29,29
https://yesnogame.net/stories/366,366,"Стой, кто идет?","Виолетта приняла решение не двигаться, что и спасло ей жизнь.","Виолетта попала в трясину на болоте. Спастись ей удалось только потому, что она не делала резких движений и дождалась помощи.",78,12,4,medium,90,2023-04-28,['страшные'],виолетта приняла решение не двигаться что и спасло ей жизнь,виолетта попала в трясину на болоте спастись ей удалось только потому что она не делала резких движений и дождалась помощи,59,122,10,20
https://yesnogame.net/stories/369,369,Последний шаг,"Все понимали, что Лиза погибнет, если сделает хоть шаг. Но никто об этом ей так и не сказал.","Лиза — это крыса, которую ученые использовали для эксперимента. Её поместили в лабиринт с ловушками, в одну из которых она как раз и попала.",72,15,4,medium,117,2023-04-29,"['про убийства', 'страшные', 'для детей']",все понимали что лиза погибнет если сделает хоть шаг но никто об этом ей так и не сказал,лиза это крыса которую ученые использовали для эксперимента её поместили в лабиринт с ловушками в одну из которых она как раз и попала,88,134,18,23
https://yesnogame.net/stories/380,380,Король,"Александр выстрелил в короля, но его никто не осудил. Почему?",Александр играл в покер и проиграл. В гневе он выстрелил в карту с изображением короля.,68,9,3,easy,181,2023-05-20,"['про убийства', 'для детей', 'короткие', 'страшные']",александр выстрелил в короля но его никто не осудил почему,александр играл в покер и проиграл в гневе он выстрелил в карту с изображением короля,58,85,10,15
https://yesnogame.net/stories/381,381,Храп,"Звуки храпа Билла обычно просто раздражают, но в этот раз они стали причиной ужаса и паники. Почему?",Билл — водитель автобуса.,85,8,4,medium,706,2023-07-23,"['для детей', 'страшные']",звуки храпа билла обычно просто раздражают но в этот раз они стали причиной ужаса и паники почему,билл водитель автобуса,97,22,17,3
https://yesnogame.net/stories/382,382,Круглые люки,"Почему крышки канализационных люков круглые, а не квадратные?","Потому что квадратная крышка может легко упасть в люк, если её слегка повернуть. А круглую крышку невозможно уронить внутрь люка. Поэтому для обеспечения безопасности их всегда делают круглыми.",60,7,3,easy,93,2023-07-23,"['на реальных событиях', 'исторические', 'короткие']",почему крышки канализационных люков круглые а не квадратные,потому что квадратная крышка может легко упасть в люк если её слегка повернуть а круглую крышку невозможно уронить внутрь люка поэтому для обеспечения безопасности их всегда делают круглыми,59,189,8,28
https://yesnogame.net/stories/383,383,Металлическая труба,"Женщина входит в большую металлическую трубу. Она безумно напугана и крепко сжимает руку своего парня. Парень нежно гладит ее и тихо говорит с ней, но ничего не делает, чтобы прекратить ее ужас. Через пару часов парень говорит, что пора идти, и ее мучения заканчиваются. Что происходило с женщиной?","Женщина боится летать, но должна лететь на самолете, чтобы увидеться с умирающим родственником, и это увеличивает уровень стресса для нее. Ее парень делает все возможное, чтобы ее утешить в течение нескольких часов полета.",48,15,5,medium,146,2023-07-26,"['для детей', 'страшные']",женщина входит в большую металлическую трубу она безумно напугана и крепко сжимает руку своего парня парень нежно гладит ее и тихо говорит с ней но ничего не делает чтобы прекратить ее ужас через пару часов парень говорит что пора идти и ее мучения заканчиваются что происходило с женщиной,женщина боится летать но должна лететь на самолете чтобы увидеться с умирающим родственником и это увеличивает уровень стресса для нее ее парень делает все возможное чтобы ее утешить в течение нескольких часов полета,289,216,48,33
https://yesnogame.net/stories/384,384,Гость,"Трое незнакомых людей заговорили друг с другом, и с радостью и удивлением обнаружили, что их четверо. Что произошло?","Четвертый — это бог.Они вспомнили слова из Библии: ""Ибо, где двое или трое собраны во имя Мое, там Я по среди них."" (Евангелие от Матфея, глава 18, стих 20)",51,17,6,medium,171,2023-08-08,['короткие'],трое незнакомых людей заговорили друг с другом и с радостью и удивлением обнаружили что их четверо что произошло,четвертый это бог они вспомнили слова из библии ибо где двое или трое собраны во имя мое там я по среди них евангелие от матфея глава 18 стих 20,112,144,18,29
https://yesnogame.net/stories/386,386,Бальный зал,"Пара зашла в большой бальный зал и обнаружила, что все участники бала мертвы. Это было не преступление. И пара не была обеспокоена этой находкой. Как такое возможно?","Пара занималась дайвингом и спустилась к затонувшему круизному лайнеру. Обитатели бального зала погибли, когда корабль внезапно затонул в результате ужасной катастрофы на море.Кстати, если мечтаешь отправить в круизное путешествие, то рекомендуем сайтhttps://vseKruizi.ru!",79,10,5,medium,116,2023-11-06,['страшные'],пара зашла в большой бальный зал и обнаружила что все участники бала мертвы это было не преступление и пара не была обеспокоена этой находкой как такое возможно,пара занималась дайвингом и спустилась к затонувшему круизному лайнеру обитатели бального зала погибли когда корабль внезапно затонул в результате ужасной катастрофы на море кстати если мечтаешь отправить в круизное путешествие то рекомендуем сайт,160,247,27,33
https://yesnogame.net/stories/387,387,Сырое яйцо,"Фокусник стоит на бетонном полу и держит сырое яйцо в протянутой перед собой руке. Без помощи каких-либо предметов он способен отпустить яйцо так, что оно пролетает метр вниз и не разбивается. Как он делает это?",Он просто держит яйцо на высоте полутра метров. Первый метр оно пролетает не разбившись.,71,10,3,easy,103,2023-11-06,"['для детей', 'смешные']",фокусник стоит на бетонном полу и держит сырое яйцо в протянутой перед собой руке без помощи каких-либо предметов он способен отпустить яйцо так что оно пролетает метр вниз и не разбивается как он делает это,он просто держит яйцо на высоте полутра метров первый метр оно пролетает не разбившись,207,86,35,14
https://yesnogame.net/stories/390,390,Автострада,"Бил едет по автостраде со скоростью 150 км/час и обгоняет 3 автомобиля, едущих со скоростью 110 км/час.После этого его останавливает полицейский. При этом Билу не выписали штраф за превышение скорости. Почему?",Его остановили не за превышение скорости. Бил ехал по автостраде не в ту сторону (по встречке).,54,9,4,medium,98,2023-11-06,"['детективные', 'для детей']",бил едет по автостраде со скоростью 150 км час и обгоняет 3 автомобиля едущих со скоростью 110 км час после этого его останавливает полицейский при этом билу не выписали штраф за превышение скорости почему,его остановили не за превышение скорости бил ехал по автостраде не в ту сторону по встречке,205,91,34,16
https://yesnogame.net/stories/403,403,Запретные ворота,"Однажды вечером молодая девушка подкрадывается к двери, тайно открывает ее, берет что-то, съедает и осторожно закрывает дверь обратно.На следующее утро она снова подходит к той же двери, открывает ее, но на этот раз оставляет настежь. Почему?",Вечером девочка открыла адвент-календарь и закусила шоколадкой следующего дня.,62,18,7,hard,111,2023-12-03,"['для детей', 'новогодние']",однажды вечером молодая девушка подкрадывается к двери тайно открывает ее берет что-то съедает и осторожно закрывает дверь обратно на следующее утро она снова подходит к той же двери открывает ее но на этот раз оставляет настежь почему,вечером девочка открыла адвент-календарь и закусила шоколадкой следующего дня,235,77,37,9
https://yesnogame.net/stories/413,413,Стрелок,"Билл застрелил мужчину, но не понес наказание. Почему?","Мужчина был актером в кино. По сценарию Билл должен был его «застрелить». К сожалению, пистолет по ошибке был заряжен боевым патроном, о чём Билл не знал.",77,12,4,medium,86,2023-12-20,"['про убийства', 'детективные', 'страшные']",билл застрелил мужчину но не понес наказание почему,мужчина был актером в кино по сценарию билл должен был его застрелить к сожалению пистолет по ошибке был заряжен боевым патроном о чём билл не знал,51,147,8,26
https://yesnogame.net/stories/417,417,Законодатель моды,"Король Георг IV родился в 1763 году и был королем Англии с 1820 года до своей смерти в 1830 году. Он не был выдающимся правителем, но зарекомендовал себя как законодатель моды в области обуви. Его ботинки существенно отличались от тех, что носили его современники. Его новшество так всем понравилось, что теперь является обычной практикой, в отличие от того времени. Что это за новшество?","Король был первым, у кого был правый и левый сапог. До этого времени вся обувь и ботинки изготавливались так, чтобы подходить обеим ногам.",85,13,6,medium,553,2023-12-22,"['на реальных событиях', 'исторические', 'для детей']",король георг родился в 1763 году и был королем англии с 1820 года до своей смерти в 1830 году он не был выдающимся правителем но зарекомендовал себя как законодатель моды в области обуви его ботинки существенно отличались от тех что носили его современники его новшество так всем понравилось что теперь является обычной практикой в отличие от того времени что это за новшество,король был первым у кого был правый и левый сапог до этого времени вся обувь и ботинки изготавливались так чтобы подходить обеим ногам,376,134,62,23
